Case ID,Link,Agency,Case Name,Year,Institution Type,Description,Issue cause,What went wrong,Legal Consequence,Regulatory Domain,Failure Type,Root Cause Driver,Failure Mechanism,Lifecycle Stage,Outcome Severity,Punishment,Root Cause Driver Original,Primary Root Cause Driver,Contributing Root Cause Drivers,Root Cause Driver Revised,Retagging Confidence,Retagging Notes
FCA001,https://www.fca.org.uk/news/news-stories/fca-stops-advantage-wealth-management-ltd-carrying-out-regulated-activities,FCA,Advantage Wealth Management - Ceasing Operations,2025,Independent Financial Adviser,"FCA imposed immediate restrictions on the firm's regulated activities and asset movements due to serious supervisory concerns, including governance failures, lack of cooperation, and potential client harm.","Breakdown in governance and control (director conflict), failure to respond to FCA information requests, lack of financial resources (no PII cover, asset depletion), and suspected misconduct in handling client investments","Director unilaterally moved large volumes of client assets into cash (potentially without proper advice or consent), transferred firm funds to a connected entity, failed to maintain insurance, and ceased engagement with the FCA, leaving the firm unsupervised and clients exposed to losses","FCA imposed immediate requirements: prohibition on regulated activities without consent, strict asset restrictions, mandatory record preservation, and client notification obligations",RD_CONDUCT_GOVERNANCE|RD_PRUDENTIAL,FT_GOVERNANCE|FT_INTEGRITY,RC_CONCENTRATED_CONTROL,FM_MISLEADING_REGULATOR|FM_UNAUTHORISED_ACTIVITY|FM_CONTROL_NOT_IMPLEMENTED,LS_GOVERNANCE_OVERSIGHT,OS_POTENTIAL_CONSUMER_DETRIMENT|OS_MARKET_INTEGRITY_IMPACT,ENF_RESTRICTION_IMPOSED|ENF_PUBLIC_SANCTION,RC_WEAK_RISK_FRAMEWORK|RC_CONCENTRATED_CONTROL,RC_CONCENTRATED_CONTROL,,RC_CONCENTRATED_CONTROL,High,Weak risk framework demoted from primary in favour of a more specific driver. Weak risk framework removed from revised tags due to limited explicit framework evidence.
FCA002,https://www.fca.org.uk/news/news-stories/fca-censures-institute-certified-bookkeepers-failings-anti-money-laundering-supervision,FCA,Institute of Certified Bookkeepers - Final Notice,2025,Professional Body Supervisor,FCA issued a public censure against the Institute of Certified Bookkeepers for failures in its anti-money laundering supervisory responsibilities over its members,"Breakdown in risk-based supervision framework, including unreliable risk assessment data, lack of understanding of AML risk-scoring systems, and suspension of core supervisory activities (inspections).","ICB failed to effectively monitor members, suspended inspections for 9 months without mitigation, relied on flawed risk data, did not review risk profiles, and kept inadequate records of supervisory decisions.",FCA imposed a public censure for breaches of the Money Laundering Regulations 2017 (no financial penalty available under regime),RD_AML,FT_DESIGN|FT_EXECUTION|FT_GOVERNANCE,RC_DATA_QUALITY|RC_POOR_DOCUMENTATION|RC_WEAK_RISK_FRAMEWORK,FM_CDD_FAILURE|FM_ONBOARDING_KYC_FAILURE|FM_CUSTOMER_RISK_ASSESSMENT_FAILURE|FM_CONTROL_NOT_IMPLEMENTED|FM_INCOMPLETE_DATA_CAPTURE,LS_MONITORING,OS_NO_REALISED_HARM,ENF_PUBLIC_CENSURE,RC_MANUAL_PROCESS|RC_WEAK_RISK_FRAMEWORK|RC_POOR_DOCUMENTATION|RC_DATA_QUALITY,RC_DATA_QUALITY,RC_POOR_DOCUMENTATION|RC_WEAK_RISK_FRAMEWORK,RC_DATA_QUALITY|RC_POOR_DOCUMENTATION|RC_WEAK_RISK_FRAMEWORK,High,Weak risk framework demoted from primary in favour of a more specific driver. Original row had three or more root-cause tags; review for over-tagging.
FCA003,https://www.fca.org.uk/news/news-stories/fca-has-cancelled-permissions-dental-insurance-partnership-ltd-frn-565072,FCA,The Dental Insurance Partnership Ltd - 4A Permission Revoked,2025,Insurance intermediary / financial services firm,"FCA cancelled the firm's regulatory permissions due to failure to meet minimum regulatory standards, specifically around compliance with fee obligations","Failure to meet basic regulatory obligations, particularly non-payment of FCA fees and levies, indicating weak financial management and compliance culture","Firm repeatedly failed to pay overdue regulatory fees despite multiple warnings, engagement attempts, and enforcement action, and did not demonstrate willingness or ability to comply with regulatory requirements.","FCA cancelled the firm's Part 4A permission, effectively removing its authorisation to conduct regulated activities.",RD_REG_REPORTING,FT_EXECUTION,RC_REG_UNDERSTANDING|RC_KNOWN_RISK|RC_INCENTIVES_CULTURE,FM_REPORTING_MISCONFIGURATION|FM_MISLEADING_REGULATOR,LS_GOVERNANCE_OVERSIGHT,OS_NO_REALISED_HARM,ENF_PERMISSION_REVOKED,RC_REG_UNDERSTANDING|RC_INCENTIVES_CULTURE|RC_KNOWN_RISK,RC_REG_UNDERSTANDING,RC_KNOWN_RISK|RC_INCENTIVES_CULTURE,RC_REG_UNDERSTANDING|RC_KNOWN_RISK|RC_INCENTIVES_CULTURE,Medium,Original row had three or more root-cause tags; review for over-tagging. Primary tag selected on a narrow evidence margin; manual review recommended.
FCA004,https://www.fca.org.uk/publication/final-notices/dinosaur-merchant-bank-limited-2026.pdf,FCA,Dinosaur Merchant Bank Limited - Final Notice,2026,Investment Firm / Broker (CFD Trading),FCA fined the firm for failing to detect and report suspicious trading activity in its CFD business due to deficiencies in its market abuse surveillance systems and controls,"Inadequate systems and controls following business change (new trading platform), including failure to integrate surveillance systems, weak governance, and lack of risk assessment and calibration.","Firm failed to capture trades from a new DMA platform in its surveillance system, meaning suspicious activity was not detected; additionally, poor alert calibration, weak escalation processes, lack of policies, and inadequate management oversight led to missed market abuse reporting (STORs).","FCA imposed a £338,000 financial penalty for breaches of UK MAR, Principle 3, and SYSC requirements.",RD_MARKET_ABUSE|RD_REG_REPORTING,FT_DESIGN|FT_EXECUTION,RC_REG_UNDERSTANDING|RC_WEAK_RISK_FRAMEWORK,FM_TRANSACTION_MONITORING_FAILURE|FM_CONTROL_NOT_IMPLEMENTED,LS_REPORTING,OS_FINANCIAL_CRIME_FACILITATED,ENF_FINANCIAL_PENALTY,RC_WEAK_RISK_FRAMEWORK|RC_POOR_DOCUMENTATION|RC_REG_UNDERSTANDING,RC_REG_UNDERSTANDING,RC_WEAK_RISK_FRAMEWORK,RC_REG_UNDERSTANDING|RC_WEAK_RISK_FRAMEWORK,High,Weak risk framework demoted from primary in favour of a more specific driver. Original row had three or more root-cause tags; review for over-tagging.
FCA005,https://www.fca.org.uk/publication/final-notices/john-wood-group-plc-2026.pdf,FCA,John Wood PLC - Final Notice,2026,Listed Company (Energy/ Engineering),FCA fined the company for publishing misleading financial information due to poor accounting practices and weak financial controls in its projects business,"Deficient financial culture and weak internal controls, leading to inappropriate accounting judgements, lack of transparency with auditors, and pressure to meet financial targets.","Company overstated profits through improper cost recognition, unrealistic assumptions, inappropriate release of provisions, and failure to write off losses; also delayed or withheld key information from auditors and mischaracterised prior period errors as current results.","FCA imposed a £12,993,700 financial penalty for breaches of Listing Rules and failure to maintain adequate systems and controls.",RD_REG_REPORTING,FT_DESIGN|FT_GOVERNANCE,RC_INCENTIVES_CULTURE|RC_WEAK_RISK_FRAMEWORK,FM_REPORTING_MISCONFIGURATION|FM_MISLEADING_REGULATOR|FM_RECORDKEEPING_FAILURE,LS_REPORTING,OS_POTENTIAL_CONSUMER_DETRIMENT,ENF_FINANCIAL_PENALTY,RC_WEAK_RISK_FRAMEWORK|RC_INCENTIVES_CULTURE,RC_INCENTIVES_CULTURE,RC_WEAK_RISK_FRAMEWORK,RC_INCENTIVES_CULTURE|RC_WEAK_RISK_FRAMEWORK,Medium,Weak risk framework demoted from primary in favour of a more specific driver. Primary tag selected on a narrow evidence margin; manual review recommended.
FCA006,https://www.fca.org.uk/publication/final-notices/nationwide-building-society-2025.pdf,FCA,Nationwide Building Society - Final Notice,2025,Retail bank / building society,"The FCA fined Nationwide for long-standing deficiencies in its anti-money laundering (AML) systems and controls, which impaired its ability to monitor customer activity and detect financial crime risks.","Inadequate AML control framework (CDD, monitoring, risk assessment), Poor data quality and incomplete customer information, Failure to implement effective periodic and event-driven reviews, Weak transaction monitoring systems with limited risk coverage, Strategic decision to tolerate known risks (business use of personal accounts)","Customers were not properly risk-assessed (many defaulted to ""standard risk""), Customer due diligence (CDD) was incomplete and not refreshed regularly, Transaction monitoring rules were too simplistic and applied uniformly, High-risk behaviours (e.g. business use of personal accounts) were not properly identified or controlled, Known risks were tolerated for years without adequate mitigation, In a key example, a customer fraudulently received ~£27m in COVID furlough payments and laundered funds through accounts without timely detection","£44,078,500 FCA fine (reduced from ~£63m due to settlement discount)
Breach of Principle 3 (systems and controls) and SYSC AML rules",RD_AML|RD_CONDUCT_GOVERNANCE,FT_DESIGN|FT_GOVERNANCE|FT_STRATEGIC,RC_KNOWN_RISK|RC_WEAK_RISK_FRAMEWORK,FM_CDD_FAILURE|FM_ONBOARDING_KYC_FAILURE|FM_CUSTOMER_RISK_ASSESSMENT_FAILURE|FM_TRANSACTION_MONITORING_FAILURE,LS_ONBOARDING,OS_FINANCIAL_CRIME_FACILITATED,ENF_FINANCIAL_PENALTY,RC_WEAK_RISK_FRAMEWORK|RC_KNOWN_RISK|RC_CHANGE_MANAGEMENT,RC_KNOWN_RISK,RC_WEAK_RISK_FRAMEWORK,RC_KNOWN_RISK|RC_WEAK_RISK_FRAMEWORK,Medium,Weak risk framework demoted from primary in favour of a more specific driver. Original row had three or more root-cause tags; review for over-tagging. Primary tag selected on a narrow evidence margin; manual review recommended.
FCA007,https://www.fca.org.uk/publication/final-notices/sigma-broking-limited-2025.pdf,FCA,Sigma Broking Limited - Final Notice,2025,Investment firm / broker (futures & options),"FCA fined Sigma for widespread failures in transaction reporting, with nearly all reported trades being inaccurate or incomplete over a five-year period.","Incorrect initial system setup and flawed reporting logic under MiFID II, combined with failure to identify and correct these issues over time.","Transaction reporting system was misconfigured from implementation, leading to incorrect or incomplete data submission for ~924,000 transactions. The firm failed to detect or remediate the issue for several years, despite regulatory requirements and prior enforcement action.","FCA imposed a £1,087,300 financial penalty for breaches of Article 26 MiFIR (transaction reporting) and Principle 3 (systems and controls).",RD_REG_REPORTING,FT_DESIGN|FT_STRATEGIC,RC_SYSTEM_INTEGRATION|RC_CHANGE_MANAGEMENT|RC_REG_UNDERSTANDING|RC_WEAK_RISK_FRAMEWORK,FM_REPORTING_MISCONFIGURATION|FM_TRANSACTION_MONITORING_FAILURE|FM_DATA_INACCURACY|FM_RECORDKEEPING_FAILURE|FM_CONTROL_NOT_IMPLEMENTED,LS_DATA_PROCESSING,OS_POTENTIAL_CONSUMER_DETRIMENT|OS_MARKET_INTEGRITY_IMPACT,ENF_FINANCIAL_PENALTY,RC_SYSTEM_INTEGRATION|RC_WEAK_RISK_FRAMEWORK|RC_REG_UNDERSTANDING|RC_CHANGE_MANAGEMENT,RC_SYSTEM_INTEGRATION,RC_CHANGE_MANAGEMENT|RC_REG_UNDERSTANDING|RC_WEAK_RISK_FRAMEWORK,RC_SYSTEM_INTEGRATION|RC_CHANGE_MANAGEMENT|RC_REG_UNDERSTANDING|RC_WEAK_RISK_FRAMEWORK,Medium,Weak risk framework demoted from primary in favour of a more specific driver. Original row had three or more root-cause tags; review for over-tagging. Primary tag selected on a narrow evidence margin; manual review recommended.
FCA008,https://www.fca.org.uk/publication/final-notices/james-edward-staley-2025.pdf,FCA,James Edward Staley - Final Notice,2025,Individual (Senior Manager - CEO of a bank),FCA sanctioned the former CEO of Barclays for approving misleading statements made to the regulator regarding his relationship with Jeffrey Epstein.,"Failure of individual integrity and governance, including reckless approval of inaccurate information and lack of openness and cooperation with the regulator.","Senior executive approved a letter to the FCA containing misleading statements about his relationship with a high-risk individual, breaching duties of integrity, transparency, and regulatory disclosure.","£1,107,306.92 fine
Prohibition from holding senior management or significant influence roles in regulated firms",RD_CONDUCT_GOVERNANCE,FT_INTEGRITY,RC_CONCENTRATED_CONTROL,FM_CONTROL_NOT_IMPLEMENTED|FM_MISLEADING_REGULATOR,LS_REPORTING,OS_FINANCIAL_CRIME_FACILITATED|OS_MARKET_INTEGRITY_IMPACT,ENF_FINANCIAL_PENALTY,RC_CONCENTRATED_CONTROL|RC_THIRD_PARTY,RC_CONCENTRATED_CONTROL,,RC_CONCENTRATED_CONTROL,High,
FCA009,https://www.fca.org.uk/publication/final-notices/barclays-bank-plc-2025.pdf,FCA,Barclays Bank Plc - AML Failures (Stunt & Co),2025,Bank,"Barclays failed to properly assess and monitor AML risks linked to a corporate client (Stunt & Co), allowing ~£46.8m of suspected criminal funds to flow through its accounts.","Breakdown in AML control framework, including:
Inadequate customer due diligence (CDD)
Failure to apply enhanced due diligence (EDD)
Poor transaction monitoring
Failure to act on law enforcement intelligence
Internal information silos","Barclays:
Assigned low risk despite obvious red flags
Ignored transaction patterns inconsistent with business profile
Failed to escalate after police intelligence and media reports
Did not connect intelligence across teams
Continued relationship despite mounting evidence of risk",£39.3m fine,RD_AML,FT_EXECUTION|FT_GOVERNANCE,RC_WEAK_RISK_FRAMEWORK,FM_CDD_FAILURE|FM_EDD_FAILURE|FM_ONBOARDING_KYC_FAILURE|FM_CUSTOMER_RISK_ASSESSMENT_FAILURE|FM_TRANSACTION_MONITORING_FAILURE|FM_SURVEILLANCE_FAILURE,LS_ONBOARDING,OS_FINANCIAL_CRIME_FACILITATED,ENF_FINANCIAL_PENALTY,RC_WEAK_RISK_FRAMEWORK|RC_MANUAL_PROCESS,RC_WEAK_RISK_FRAMEWORK,,RC_WEAK_RISK_FRAMEWORK,High,
FCA010,https://www.fca.org.uk/publication/final-notices/barclays-bank-uk-plc-2025.pdf,FCA,Barclays Bank UK Plc - Client Account Failures (WealthTek),2025,Bank,"Barclays UK opened and maintained a client money account for a firm that was not permitted to hold client money, due to inadequate onboarding controls.","Deficient onboarding framework:
No requirement to check FCA register
No understanding of account purpose
No assessment of underlying client activity
Over-reliance on internal classification codes","Barclays UK:
Opened account without verifying regulatory permissions
Failed to understand how account would be used
Allowed £34m to flow through without proper oversight
Had known weaknesses in process but slow remediation","£3.09m fine
£6.28m voluntary compensation to clients",RD_PRUDENTIAL,FT_EXECUTION,RC_CHANGE_MANAGEMENT,FM_EDD_FAILURE|FM_ONBOARDING_KYC_FAILURE|FM_CUSTOMER_RISK_ASSESSMENT_FAILURE|FM_SURVEILLANCE_FAILURE,LS_ONBOARDING,OS_POTENTIAL_CONSUMER_DETRIMENT,ENF_FINANCIAL_PENALTY,RC_WEAK_RISK_FRAMEWORK|RC_CHANGE_MANAGEMENT,RC_CHANGE_MANAGEMENT,,RC_CHANGE_MANAGEMENT,Medium,Weak risk framework demoted from primary in favour of a more specific driver. Weak risk framework removed from revised tags due to limited explicit framework evidence. Primary tag selected on a narrow evidence margin; manual review recommended.
FCA011,https://www.fca.org.uk/news/news-stories/campbell-associates-under-investigation-fscs,FCA,Campbell & Associates Independent Financial Advice Ltd / Lisa Campbell,2023,Small IFA (Single Director),FCA imposed urgent restrictions on the firm and its sole director following concerns that client funds had been misappropriated and that the firm posed a significant risk of harm to consumers.,"Deliberate misconduct by the firm's sole director, including misappropriation of client funds, lack of segregation of duties, and absence of effective governance or oversight in a single-director structure.","Client funds (~£1.5m) intended for investment were not invested and were instead transferred to the director's personal accounts and used for personal purposes. The director provided false information to the client about the investment and repayment status, failed to return funds, and later continued regulated activity despite FCA restrictions while also providing misleading information to the regulator.","FCA removed the firm's permissions, imposed immediate restrictions on activities and asset movements, and placed conditions on the director's ability to perform regulated functions. Subsequent criminal charges were brought against the director for fraud and misleading the FCA, and the FSCS opened investigations for potential customer compensation.",RD_CONDUCT_GOVERNANCE,FT_INTEGRITY,RC_INCENTIVES_CULTURE|RC_CONCENTRATED_CONTROL,FM_MISAPPROPRIATION_OF_FUNDS|FM_UNAUTHORISED_ACTIVITY,LS_GOVERNANCE_OVERSIGHT,OS_POTENTIAL_CONSUMER_DETRIMENT,ENF_INDIVIDUAL_SANCTION|ENF_PUBLIC_SANCTION,RC_INCENTIVES_CULTURE|RC_CONCENTRATED_CONTROL,RC_INCENTIVES_CULTURE,RC_CONCENTRATED_CONTROL,RC_INCENTIVES_CULTURE|RC_CONCENTRATED_CONTROL,Medium,Primary tag selected on a narrow evidence margin; manual review recommended.
ICO001,https://ico.org.uk/media2/migrated/4027663/boi-reprimand.pdf,ICO,Bank of Ireland (UK) PLC - ICO Reprimand,2023,Retail Bank,"ICO issued a reprimand to Bank of Ireland (UK) for submitting inaccurate customer data to credit reference agencies, affecting over 3,200 individuals' credit profiles.","Manual processing error within debt sale workflow, combined with inadequate risk identification, lack of controls over key data fields, and absence of assurance or audit processes.","When loan accounts were sold to debt collectors, staff were required to manually update a system flag. Failures to do so meant accounts were incorrectly reported as still owned by the bank, resulting in duplicate default records and inaccurate outstanding balances being reported to credit reference agencies. The issue persisted for years due to lack of oversight, failure to escalate earlier errors, and no retrospective checks.",ICO issued a formal reprimand for breaches of UK GDPR Article 5(1)(d) (accuracy) and Article 5(2) (accountability). No financial penalty imposed.,RD_DATA_PROTECTION,FT_EXECUTION|FT_GOVERNANCE,RC_MANUAL_PROCESS,FM_CONTROL_NOT_IMPLEMENTED|FM_DATA_INACCURACY|FM_DATA_DUPLICATION|FM_DATA_PROCESSING_ERROR,LS_DATA_PROCESSING,OS_POTENTIAL_CONSUMER_DETRIMENT,ENF_PUBLIC_CENSURE,RC_MANUAL_PROCESS|RC_WEAK_RISK_FRAMEWORK,RC_MANUAL_PROCESS,,RC_MANUAL_PROCESS,High,Weak risk framework demoted from primary in favour of a more specific driver. Weak risk framework removed from revised tags due to limited explicit framework evidence.
ICO002,https://ico.org.uk/media2/0lxb0nwm/enforcement-notice-allay-claims-ltd.pdf,ICO,Allay Claims Ltd - ICO Enforcement Notice,2026,Claims management company,"ICO issued an enforcement notice against Allay Claims Ltd for sending over 4 million unsolicited direct marketing messages without valid consent, in breach of PECR rules.","Deficient consent and marketing compliance framework, including failure to obtain valid consent, improper reliance on ""soft opt-in"", and poorly designed customer journeys that did not provide a clear or effective opt-out mechanism","Allay sent ~4,046,947 marketing messages without valid consent. Customers were not properly informed they would receive marketing, were not given a clear opt-out at the point of data collection, and were even told their data would not be used for marketing. Opt-out mechanisms were buried in privacy policies or ineffective (e.g. requiring email requests or forms not returned to the firm). As a result, marketing communications were unlawful and likely caused distress and potential financial harm.",ICO issued an enforcement notice requiring Allay to cease sending unsolicited marketing communications without valid consent and to implement compliant consent mechanisms under PECR.,RD_MARKETING_CONSENT,FT_STRATEGIC,RC_REG_UNDERSTANDING,FM_CONSENT_CAPTURE_FAILURE|FM_UNAUTHORISED_ACTIVITY,LS_CUSTOMER_COMMUNICATION,OS_POTENTIAL_CONSUMER_DETRIMENT,ENF_RESTRICTION_IMPOSED,RC_REG_UNDERSTANDING,RC_REG_UNDERSTANDING,,RC_REG_UNDERSTANDING,Medium,
FCA012,Batch 2/FCA012 first-supervisory-notice-strowz-ltd.pdf,FCA,Strowz Ltd,2025,Payments and e-money firm,"The FCA imposed immediate requirements on Strowz Ltd, including ceasing regulated activities, not accepting further client money and restricting asset movements. The notice focused on serious concerns around client money, bank account disclosure and possible financial crime risk.","The firm appeared to have weak financial crime and client money controls, with concentrated control over accounts and inadequate disclosure to the FCA.","Client money appeared to be commingled or moved through undisclosed accounts, with payments made to connected parties and incomplete information provided to the regulator.","FCA imposed immediate restrictions through a First Supervisory Notice, including activity, client money and asset restrictions.",RD_CONDUCT_GOVERNANCE|RD_AML,FT_GOVERNANCE|FT_EXECUTION,RC_CONCENTRATED_CONTROL,FM_CONTROL_NOT_IMPLEMENTED|FM_MISAPPROPRIATION_OF_FUNDS|FM_MISLEADING_REGULATOR,LS_MONITORING|LS_GOVERNANCE_OVERSIGHT,OS_POTENTIAL_CONSUMER_DETRIMENT|OS_ACTUAL_FINANCIAL_LOSS,ENF_RESTRICTION_IMPOSED|ENF_REGULATORY_NOTICE,RC_WEAK_RISK_FRAMEWORK|RC_CONCENTRATED_CONTROL|RC_KNOWN_RISK,RC_CONCENTRATED_CONTROL,,RC_CONCENTRATED_CONTROL,High,Weak risk framework demoted from primary in favour of a more specific driver. Weak risk framework removed from revised tags due to limited explicit framework evidence. Original row had three or more root-cause tags; review for over-tagging.
FCA013,Batch 2/FCA013 monzo-bank-limited.pdf,FCA,Monzo Bank Limited,2025,Bank,"The FCA fined Monzo for financial crime control failures during rapid customer and product growth. The case centred on inadequate customer due diligence, onboarding controls, adverse media checks and risk assessment processes.",Monzo's AML framework did not scale with its growth and known weaknesses were not remediated quickly enough.,"The firm onboarded and monitored customers without sufficiently robust CDD, beneficial ownership checks, adverse media review and customer risk assessment controls.",FCA imposed a £21.1m financial penalty for AML systems and controls failings.,RD_AML,FT_DESIGN|FT_GOVERNANCE|FT_EXECUTION,RC_KNOWN_RISK|RC_WEAK_RISK_FRAMEWORK,FM_CDD_FAILURE|FM_ONBOARDING_KYC_FAILURE|FM_CUSTOMER_RISK_ASSESSMENT_FAILURE|FM_TRANSACTION_MONITORING_FAILURE,LS_ONBOARDING|LS_MONITORING,OS_FINANCIAL_CRIME_FACILITATED,ENF_FINANCIAL_PENALTY|ENF_REMEDIATION,RC_CHANGE_MANAGEMENT|RC_WEAK_RISK_FRAMEWORK|RC_KNOWN_RISK,RC_KNOWN_RISK,RC_WEAK_RISK_FRAMEWORK,RC_KNOWN_RISK|RC_WEAK_RISK_FRAMEWORK,Medium,Weak risk framework demoted from primary in favour of a more specific driver. Original row had three or more root-cause tags; review for over-tagging. Primary tag selected on a narrow evidence margin; manual review recommended.
FCA014,Batch 2/FCA014 second-supervisory-notice-business-agent-limited-2024.pdf,FCA,Business Agent Limited,2024,Investment services firm,"The FCA maintained restrictions on Business Agent Limited after serious concerns about client money, ISA management, investment due diligence and disclosure to the regulator. The notice restricted regulated activity and asset movement.","The firm appeared to lack adequate governance, permissions understanding and controls over client money and investment platform activity.","The firm appeared to hold client money despite restrictions, failed to provide complete information to the FCA and did not demonstrate adequate due diligence or conflict management.",FCA issued a Second Supervisory Notice maintaining restrictions on the firm's activities and assets.,RD_CONDUCT_GOVERNANCE,FT_GOVERNANCE|FT_EXECUTION,RC_KNOWN_RISK|RC_REG_UNDERSTANDING,FM_UNAUTHORISED_ACTIVITY|FM_CONTROL_NOT_IMPLEMENTED|FM_MISLEADING_REGULATOR|FM_RECORDKEEPING_FAILURE,LS_GOVERNANCE_OVERSIGHT|LS_MONITORING,OS_POTENTIAL_CONSUMER_DETRIMENT,ENF_RESTRICTION_IMPOSED|ENF_REGULATORY_NOTICE,RC_WEAK_RISK_FRAMEWORK|RC_REG_UNDERSTANDING|RC_KNOWN_RISK,RC_KNOWN_RISK,RC_REG_UNDERSTANDING,RC_KNOWN_RISK|RC_REG_UNDERSTANDING,Medium,Weak risk framework demoted from primary in favour of a more specific driver. Weak risk framework removed from revised tags due to limited explicit framework evidence. Original row had three or more root-cause tags; review for over-tagging. Primary tag selected on a narrow evidence margin; manual review recommended.
FCA015,Batch 2/FCA015 Promethean_Finance_FS_Decision__amended_under_slip_rule_89.pdf,FCA,Promethean Finance Limited - Tribunal decision,2024,Debt management firm,"The Upper Tribunal considered Promethean Finance's challenge to FCA action concerning financial promotions, trading names and arrangements with appointed representatives. The case focused on whether consumers were misled about regulatory status and whether the firm used structures to circumvent online advertising restrictions.
The FCA imposed restrictions on Promethean Finance after concerns about debt management promotions and use of trading names and associated websites. The notice focused on consumer communications and the firm's control of online marketing arrangements.","The firm's commercial model used trading names, intellectual property and appointed representative arrangements without adequate governance over how consumers were presented with regulated services.
The firm appeared to prioritise commercial acquisition channels over compliant financial promotion and appointed representative controls.","Consumers could be led to believe they were dealing with a regulated firm, while financial promotions and arrangements were not adequately controlled.
The firm used trading names and website arrangements that risked misleading consumers about who was providing regulated services and whether promotions were properly controlled.","Upper Tribunal upheld the FCA's position, leaving the regulatory action in place.
FCA issued a Second Supervisory Notice imposing requirements and restrictions on the firm.",RD_CONDUCT_GOVERNANCE,FT_STRATEGIC|FT_INTEGRITY|FT_GOVERNANCE,RC_INCENTIVES_CULTURE,FM_CONTROL_NOT_IMPLEMENTED|FM_RECORDKEEPING_FAILURE|FM_UNAUTHORISED_ACTIVITY,LS_CUSTOMER_COMMUNICATION|LS_GOVERNANCE_OVERSIGHT,OS_POTENTIAL_CONSUMER_DETRIMENT,ENF_LEGAL_ACTION|ENF_REGULATORY_NOTICE,RC_INCENTIVES_CULTURE|RC_WEAK_RISK_FRAMEWORK|RC_KNOWN_RISK,RC_INCENTIVES_CULTURE,,RC_INCENTIVES_CULTURE,High,Weak risk framework demoted from primary in favour of a more specific driver. Weak risk framework removed from revised tags due to limited explicit framework evidence. Original row had three or more root-cause tags; review for over-tagging.
FCA016,Batch 2/FCA016 second-supervisory-notice-london-stone-securities.pdf,FCA,London Stone Securities Limited,2024,Investment services firm,"The FCA maintained restrictions on London Stone Securities in relation to bond administration, ISA management and investment platform activity. The notice raised concerns about financial promotions, investment due diligence and operational controls.","The firm did not appear to have adequate systems to assess investments, manage platform activity or control communications to investors.","The firm distributed or administered investments without demonstrating adequate due diligence, target market assessment, records and governance over investor-facing activity.",FCA issued a Second Supervisory Notice maintaining requirements restricting the firm's activities.,RD_CONDUCT_GOVERNANCE,FT_GOVERNANCE|FT_EXECUTION|FT_DESIGN,RC_REG_UNDERSTANDING,FM_CONTROL_NOT_IMPLEMENTED|FM_INCOMPLETE_DATA_CAPTURE|FM_RECORDKEEPING_FAILURE,LS_CUSTOMER_COMMUNICATION|LS_GOVERNANCE_OVERSIGHT,OS_POTENTIAL_CONSUMER_DETRIMENT,ENF_RESTRICTION_IMPOSED|ENF_REGULATORY_NOTICE,RC_WEAK_RISK_FRAMEWORK|RC_KNOWN_RISK|RC_REG_UNDERSTANDING,RC_REG_UNDERSTANDING,,RC_REG_UNDERSTANDING,High,Weak risk framework demoted from primary in favour of a more specific driver. Weak risk framework removed from revised tags due to limited explicit framework evidence. Original row had three or more root-cause tags; review for over-tagging.
FCA017,Batch 2/FCA017 kbfs-financial-limited-2024.pdf,FCA,KBFS Financial Limited,2024,Financial adviser,"The FCA cancelled KBFS Financial Limited's Part 4A permission after concluding it was carrying on no regulated activity to which the permission related. The notice also identified unpaid regulatory fees, missing regulatory returns and failure to respond to FCA notices.","The firm failed to maintain basic regulatory engagement, reporting and fee obligations while apparently no longer carrying on regulated activity.","The firm did not pay levies, did not submit required returns or firm details attestations and did not respond to FCA notices before cancellation.",FCA cancelled the firm's Part 4A permission through a Notice of Decision.,RD_CONDUCT_GOVERNANCE|RD_REG_REPORTING,FT_EXECUTION|FT_GOVERNANCE,RC_REG_UNDERSTANDING|RC_POOR_DOCUMENTATION,FM_REPORTING_MISCONFIGURATION|FM_FAILURE_TO_ESCALATE|FM_RECORDKEEPING_FAILURE,LS_REPORTING|LS_GOVERNANCE_OVERSIGHT,OS_NO_REALISED_HARM,ENF_PERMISSION_REVOKED|ENF_REGULATORY_NOTICE,RC_POOR_DOCUMENTATION|RC_REG_UNDERSTANDING|RC_WEAK_RISK_FRAMEWORK,RC_REG_UNDERSTANDING,RC_POOR_DOCUMENTATION,RC_REG_UNDERSTANDING|RC_POOR_DOCUMENTATION,High,Weak risk framework demoted from primary in favour of a more specific driver. Weak risk framework removed from revised tags due to limited explicit framework evidence. Original row had three or more root-cause tags; review for over-tagging.
FCA018,Batch 2/FCA018 first-supervisory-notice-london-court-limited-2023.pdf,FCA,London Court Limited,2023,Investment platform and bond administration firm,"The FCA imposed requirements on London Court Limited, restricting new investment platform, bond administration and ISA manager activity. The notice raised concerns over target market assessment, investment compatibility, due diligence and adequate resources.","The firm lacked adequate systems, controls and resources for assessing investments and distributing them through its platform.",The firm had not carried out target market assessment or sufficient due diligence on investments and could not demonstrate that distribution was in clients' best interests.,FCA imposed immediate activity restrictions through a First Supervisory Notice.,RD_CONDUCT_GOVERNANCE,FT_DESIGN|FT_GOVERNANCE,RC_REG_UNDERSTANDING,FM_CONTROL_NOT_IMPLEMENTED|FM_INCOMPLETE_DATA_CAPTURE|FM_RECORDKEEPING_FAILURE,LS_CUSTOMER_COMMUNICATION|LS_GOVERNANCE_OVERSIGHT,OS_POTENTIAL_CONSUMER_DETRIMENT,ENF_RESTRICTION_IMPOSED|ENF_REGULATORY_NOTICE,RC_WEAK_RISK_FRAMEWORK|RC_CONCENTRATED_CONTROL|RC_REG_UNDERSTANDING,RC_REG_UNDERSTANDING,,RC_REG_UNDERSTANDING,High,Weak risk framework demoted from primary in favour of a more specific driver. Weak risk framework removed from revised tags due to limited explicit framework evidence. Original row had three or more root-cause tags; review for over-tagging.
FCA019,Batch 2/FCA019 Independently East Ltd enters compulsory liquidation.pdf,FCA,Independently East Ltd,2023,Financial adviser,"The FCA imposed restrictions on Independently East after concerns about regulatory returns, correspondence details, unpaid liabilities and failure to respond to information requests. The firm was restricted from carrying on regulated activities without FCA consent.","The firm's basic governance, reporting and regulatory engagement processes failed.","The firm failed to submit or maintain accurate regulatory information, did not respond adequately to the FCA and had unresolved liabilities including an outstanding FOS award.",FCA imposed immediate restrictions through a First Supervisory Notice.,RD_CONDUCT_GOVERNANCE|RD_REG_REPORTING,FT_EXECUTION|FT_GOVERNANCE,RC_DATA_QUALITY|RC_POOR_DOCUMENTATION,FM_MISLEADING_REGULATOR|FM_REPORTING_MISCONFIGURATION|FM_RECORDKEEPING_FAILURE,LS_REPORTING|LS_GOVERNANCE_OVERSIGHT,OS_ACTUAL_FINANCIAL_LOSS,ENF_RESTRICTION_IMPOSED|ENF_REGULATORY_NOTICE,RC_WEAK_RISK_FRAMEWORK|RC_POOR_DOCUMENTATION|RC_DATA_QUALITY,RC_DATA_QUALITY,RC_POOR_DOCUMENTATION,RC_DATA_QUALITY|RC_POOR_DOCUMENTATION,Medium,Weak risk framework demoted from primary in favour of a more specific driver. Weak risk framework removed from revised tags due to limited explicit framework evidence. Original row had three or more root-cause tags; review for over-tagging. Primary tag selected on a narrow evidence margin; manual review recommended.
FCA020,Batch 2/FCA020 first-supervisory-notice-nexus-independent-financial-advisers-ltd-nexus-investment-managers-ltd-2023.pdf,FCA,Nexus Independent Financial Advisers Limited and Nexus Investment Managers Limited,2023,Financial adviser and investment manager,"The FCA imposed immediate requirements after concerns that a sole director had made significant inappropriate or unauthorised withdrawals from client accounts. The notice restricted activities, asset movement and client money handling.",The firms had concentrated control and weak oversight over client assets and payments.,"A sole director appeared able to withdraw client money without effective challenge, oversight or segregation controls.",FCA imposed immediate restrictions through a First Supervisory Notice.,RD_CONDUCT_GOVERNANCE,FT_INTEGRITY|FT_GOVERNANCE,RC_CONCENTRATED_CONTROL|RC_INCENTIVES_CULTURE,FM_MISAPPROPRIATION_OF_FUNDS|FM_CONTROL_NOT_IMPLEMENTED|FM_UNAUTHORISED_ACTIVITY,LS_MONITORING|LS_GOVERNANCE_OVERSIGHT,OS_ACTUAL_FINANCIAL_LOSS,ENF_RESTRICTION_IMPOSED|ENF_REGULATORY_NOTICE,RC_CONCENTRATED_CONTROL|RC_WEAK_RISK_FRAMEWORK|RC_INCENTIVES_CULTURE,RC_CONCENTRATED_CONTROL,RC_INCENTIVES_CULTURE,RC_CONCENTRATED_CONTROL|RC_INCENTIVES_CULTURE,High,Weak risk framework demoted from primary in favour of a more specific driver. Weak risk framework removed from revised tags due to limited explicit framework evidence. Original row had three or more root-cause tags; review for over-tagging.
FCA021,Batch 2/FCA021 first-supervisory-notice-dolfin-financial-uk-limited.pdf,FCA,Dolfin Financial (UK) Limited,2021,Wealth management and investment firm,"The FCA imposed restrictions on Dolfin Financial after concerns relating to Tier 1 investor visa business, financial crime controls and communications with the regulator. The notice also noted governance gaps including key senior management vacancies.","The firm's high-risk business model was not supported by adequate AML, onboarding and governance controls.","The firm made misleading representations, failed to apply effective CDD and EDD to high-risk clients and did not adequately escalate or manage financial crime risks.",FCA imposed immediate restrictions through a First Supervisory Notice.,RD_AML|RD_CONDUCT_GOVERNANCE,FT_INTEGRITY|FT_GOVERNANCE|FT_DESIGN,RC_INCENTIVES_CULTURE|RC_CONCENTRATED_CONTROL,FM_MISLEADING_REGULATOR|FM_CDD_FAILURE|FM_EDD_FAILURE|FM_ONBOARDING_KYC_FAILURE,LS_ONBOARDING|LS_GOVERNANCE_OVERSIGHT,OS_FINANCIAL_CRIME_FACILITATED|OS_POTENTIAL_CONSUMER_DETRIMENT,ENF_RESTRICTION_IMPOSED|ENF_REGULATORY_NOTICE,RC_WEAK_RISK_FRAMEWORK|RC_INCENTIVES_CULTURE|RC_CONCENTRATED_CONTROL,RC_INCENTIVES_CULTURE,RC_CONCENTRATED_CONTROL,RC_INCENTIVES_CULTURE|RC_CONCENTRATED_CONTROL,Medium,Weak risk framework demoted from primary in favour of a more specific driver. Weak risk framework removed from revised tags due to limited explicit framework evidence. Original row had three or more root-cause tags; review for over-tagging. Primary tag selected on a narrow evidence margin; manual review recommended.
FCA022,Batch 2/FCA022 london-metal-exchange-2025.pdf,FCA,The London Metal Exchange,2025,Recognised investment exchange,The FCA fined the London Metal Exchange for failures in systems and controls around the suspension of nickel trading in March 2022. The case focused on volatility controls and orderly trading during extreme market stress.,The exchange's control framework did not adequately detect and manage disorderly trading risk in the electronic nickel market.,"LME's electronic market controls did not respond effectively as nickel prices moved sharply, contributing to risks to orderly trading and market integrity.",FCA imposed a £9.25m financial penalty.,RD_MARKET_ABUSE,FT_DESIGN|FT_GOVERNANCE,RC_KNOWN_RISK|RC_WEAK_RISK_FRAMEWORK,FM_CONTROL_NOT_IMPLEMENTED|FM_SURVEILLANCE_FAILURE|FM_FAILURE_TO_ESCALATE,LS_MONITORING|LS_GOVERNANCE_OVERSIGHT,OS_MARKET_INTEGRITY_IMPACT,ENF_FINANCIAL_PENALTY|ENF_REMEDIATION,RC_WEAK_RISK_FRAMEWORK|RC_KNOWN_RISK,RC_KNOWN_RISK,RC_WEAK_RISK_FRAMEWORK,RC_KNOWN_RISK|RC_WEAK_RISK_FRAMEWORK,Medium,Weak risk framework demoted from primary in favour of a more specific driver. Primary tag selected on a narrow evidence margin; manual review recommended.
FCA023,Batch 2/FCA023 mako-financial-markets-partnership-llp-2025.pdf,FCA,Mako Financial Markets Partnership LLP,2025,Brokerage firm,The FCA fined Mako for financial crime systems and controls failings relating to trading for Solo Group clients. The case concerned suspicious dividend arbitrage and OTC equity trading linked to potential cum-ex activity.,The firm's AML framework and client due diligence did not adequately address the risks presented by the Solo Group business.,"Mako failed to apply sufficient CDD, EDD and transaction monitoring to high-risk trading patterns and did not escalate red flags effectively.",FCA imposed a £1.66m financial penalty.,RD_AML|RD_MARKET_ABUSE,FT_DESIGN|FT_EXECUTION|FT_GOVERNANCE,RC_KNOWN_RISK|RC_WEAK_RISK_FRAMEWORK,FM_CDD_FAILURE|FM_EDD_FAILURE|FM_TRANSACTION_MONITORING_FAILURE|FM_FAILURE_TO_ESCALATE,LS_ONBOARDING|LS_MONITORING,OS_FINANCIAL_CRIME_FACILITATED|OS_MARKET_INTEGRITY_IMPACT,ENF_FINANCIAL_PENALTY,RC_WEAK_RISK_FRAMEWORK|RC_KNOWN_RISK|RC_INCENTIVES_CULTURE,RC_KNOWN_RISK,RC_WEAK_RISK_FRAMEWORK,RC_KNOWN_RISK|RC_WEAK_RISK_FRAMEWORK,Medium,Weak risk framework demoted from primary in favour of a more specific driver. Original row had three or more root-cause tags; review for over-tagging. Primary tag selected on a narrow evidence margin; manual review recommended.
FCA024,Batch 2/FCA024 arian-financial-llp-2025.pdf,FCA,Arian Financial LLP,2025,Brokerage firm,The FCA fined Arian Financial for financial crime systems and controls failings in relation to Solo Group trading. The notice concerned high-risk OTC equity and dividend arbitrage activity.,The firm did not build or operate controls proportionate to the financial crime and market integrity risk of the trading.,"Arian failed to perform adequate due diligence and monitoring of suspicious transactions, allowing high-risk trading to proceed without effective challenge.","FCA imposed a £288,962.53 financial penalty.",RD_AML|RD_MARKET_ABUSE,FT_DESIGN|FT_EXECUTION|FT_GOVERNANCE,RC_KNOWN_RISK|RC_WEAK_RISK_FRAMEWORK,FM_CDD_FAILURE|FM_EDD_FAILURE|FM_TRANSACTION_MONITORING_FAILURE|FM_FAILURE_TO_ESCALATE,LS_ONBOARDING|LS_MONITORING,OS_FINANCIAL_CRIME_FACILITATED|OS_MARKET_INTEGRITY_IMPACT,ENF_FINANCIAL_PENALTY,RC_WEAK_RISK_FRAMEWORK|RC_KNOWN_RISK|RC_INCENTIVES_CULTURE,RC_KNOWN_RISK,RC_WEAK_RISK_FRAMEWORK,RC_KNOWN_RISK|RC_WEAK_RISK_FRAMEWORK,Medium,Weak risk framework demoted from primary in favour of a more specific driver. Original row had three or more root-cause tags; review for over-tagging. Primary tag selected on a narrow evidence margin; manual review recommended.
FCA025,Batch 2/FCA025 barclays-plc-2024.pdf,FCA,Barclays plc,2024,Listed banking group,The FCA fined Barclays plc for disclosure failings in the 2008 capital raisings involving Qatari investors. The case concerned advisory agreements and fees that were not properly disclosed to the market.,Senior governance and disclosure controls failed to ensure material arrangements were captured and disclosed.,"Barclays' announcements and prospectuses did not disclose relevant fee arrangements, creating misleading disclosure around the capital raising.",FCA imposed a £30m financial penalty.,RD_DISCLOSURE_LISTING,FT_INTEGRITY|FT_GOVERNANCE,RC_INCENTIVES_CULTURE|RC_CONCENTRATED_CONTROL,FM_INCOMPLETE_DATA_CAPTURE|FM_DATA_INACCURACY|FM_RECORDKEEPING_FAILURE,LS_CUSTOMER_COMMUNICATION|LS_GOVERNANCE_OVERSIGHT,OS_MARKET_INTEGRITY_IMPACT,ENF_FINANCIAL_PENALTY|ENF_PUBLIC_SANCTION,RC_INCENTIVES_CULTURE|RC_CONCENTRATED_CONTROL|RC_KNOWN_RISK,RC_INCENTIVES_CULTURE,RC_CONCENTRATED_CONTROL,RC_INCENTIVES_CULTURE|RC_CONCENTRATED_CONTROL,Medium,Original row had three or more root-cause tags; review for over-tagging. Primary tag selected on a narrow evidence margin; manual review recommended.
FCA026,Batch 2/FCA026 barclays-bank-plc-2024.pdf,FCA,Barclays Bank plc,2024,Bank,The FCA fined Barclays Bank plc for misleading disclosure in relation to the October 2008 capital raising. The case concerned undisclosed arrangements with Qatari investors and their effect on prospectus information.,The bank's disclosure governance failed to capture and present material arrangements accurately.,"The prospectus and associated market communications omitted information about advisory fee arrangements, creating a misleading picture for investors.",FCA imposed a £10m financial penalty.,RD_DISCLOSURE_LISTING,FT_INTEGRITY|FT_GOVERNANCE,RC_INCENTIVES_CULTURE|RC_CONCENTRATED_CONTROL,FM_INCOMPLETE_DATA_CAPTURE|FM_DATA_INACCURACY|FM_RECORDKEEPING_FAILURE,LS_CUSTOMER_COMMUNICATION|LS_GOVERNANCE_OVERSIGHT,OS_MARKET_INTEGRITY_IMPACT,ENF_FINANCIAL_PENALTY|ENF_PUBLIC_SANCTION,RC_INCENTIVES_CULTURE|RC_CONCENTRATED_CONTROL|RC_KNOWN_RISK,RC_INCENTIVES_CULTURE,RC_CONCENTRATED_CONTROL,RC_INCENTIVES_CULTURE|RC_CONCENTRATED_CONTROL,Medium,Original row had three or more root-cause tags; review for over-tagging. Primary tag selected on a narrow evidence margin; manual review recommended.
FCA027,Batch 2/FCA027 macquarie-bank-limited-london-branch-2024.pdf,FCA,"Macquarie Bank Limited, London Branch",2024,Bank branch and commodities trading business,"The FCA fined Macquarie after a trader recorded fictitious trades to conceal losses. The notice identified weaknesses in trading controls, reconciliations, price verification, risk assessment and escalation.",The firm's first and second line controls did not detect or challenge fictitious trading and known control weaknesses were not remediated effectively.,"A trader was able to hide losses through false entries because reconciliations, supervision and control testing were ineffective.",FCA imposed a £13.03m financial penalty.,RD_MARKET_ABUSE|RD_CONDUCT_GOVERNANCE,FT_DESIGN|FT_GOVERNANCE|FT_EXECUTION,RC_KNOWN_RISK,FM_SURVEILLANCE_FAILURE|FM_DATA_INACCURACY|FM_RECORDKEEPING_FAILURE|FM_CONTROL_NOT_IMPLEMENTED,LS_MONITORING|LS_GOVERNANCE_OVERSIGHT,OS_ACTUAL_FINANCIAL_LOSS|OS_MARKET_INTEGRITY_IMPACT,ENF_FINANCIAL_PENALTY|ENF_REMEDIATION,RC_WEAK_RISK_FRAMEWORK|RC_KNOWN_RISK|RC_CHANGE_MANAGEMENT,RC_KNOWN_RISK,,RC_KNOWN_RISK,High,Weak risk framework demoted from primary in favour of a more specific driver. Weak risk framework removed from revised tags due to limited explicit framework evidence. Original row had three or more root-cause tags; review for over-tagging.
FCA028,Batch 2/FCA028 metro-bank-plc-2024.pdf,FCA,Metro Bank Plc,2024,Bank,The FCA fined Metro Bank for AML transaction monitoring failures affecting millions of transactions. A data feed and configuration issue meant large volumes of transactions were not monitored.,"System integration, data quality and oversight failures allowed a transaction monitoring gap to persist.","Metro Bank failed to monitor more than 60 million transactions because of data and configuration errors, with weak governance over remediation and assurance.",FCA imposed a £16.68m financial penalty.,RD_AML,FT_DESIGN|FT_GOVERNANCE|FT_EXECUTION,RC_SYSTEM_INTEGRATION|RC_DATA_QUALITY,FM_TRANSACTION_MONITORING_FAILURE|FM_REPORTING_MISCONFIGURATION|FM_DATA_INACCURACY|FM_CONTROL_NOT_IMPLEMENTED,LS_MONITORING|LS_DATA_PROCESSING,OS_FINANCIAL_CRIME_FACILITATED,ENF_FINANCIAL_PENALTY|ENF_REMEDIATION,RC_SYSTEM_INTEGRATION|RC_DATA_QUALITY|RC_WEAK_RISK_FRAMEWORK,RC_SYSTEM_INTEGRATION,RC_DATA_QUALITY,RC_SYSTEM_INTEGRATION|RC_DATA_QUALITY,Medium,Weak risk framework demoted from primary in favour of a more specific driver. Weak risk framework removed from revised tags due to limited explicit framework evidence. Original row had three or more root-cause tags; review for over-tagging. Primary tag selected on a narrow evidence margin; manual review recommended.
FCA029,Batch 2/FCA029 volkswagen-financial-services-uk-limited-2024.pdf,FCA,Volkswagen Financial Services (UK) Limited,2024,Motor finance provider,"The FCA fined Volkswagen Financial Services for failures in treating customers in financial difficulty fairly. The case covered arrears handling, forbearance, repossession, complaint identification and vulnerable customer treatment.","The firm's collections controls, governance and customer support framework were not adequate for customers in financial difficulty.","Customers were not consistently offered appropriate forbearance or clear communications, leading to avoidable consumer harm and redress.",FCA imposed a £5.40m financial penalty and the firm provided customer redress.,RD_CONDUCT_GOVERNANCE,FT_EXECUTION|FT_GOVERNANCE|FT_DESIGN,RC_INCENTIVES_CULTURE,FM_CONTROL_NOT_IMPLEMENTED|FM_RECORDKEEPING_FAILURE|FM_INCOMPLETE_DATA_CAPTURE,LS_CUSTOMER_COMMUNICATION|LS_MONITORING,OS_ACTUAL_FINANCIAL_LOSS|OS_POTENTIAL_CONSUMER_DETRIMENT,ENF_FINANCIAL_PENALTY|ENF_REMEDIATION,RC_WEAK_RISK_FRAMEWORK|RC_MANUAL_PROCESS|RC_INCENTIVES_CULTURE,RC_INCENTIVES_CULTURE,,RC_INCENTIVES_CULTURE,Medium,Weak risk framework demoted from primary in favour of a more specific driver. Weak risk framework removed from revised tags due to limited explicit framework evidence. Original row had three or more root-cause tags; review for over-tagging. Primary tag selected on a narrow evidence margin; manual review recommended.
FCA030,Batch 2/FCA030 tsb-bank-plc-2024.pdf,FCA,TSB Bank plc,2024,Bank,"The FCA fined TSB for failings in collections and recoveries involving customers in arrears or financial difficulty. The case concerned policies, training, incentives, systems, quality assurance and customer outcomes.",The bank's arrears handling framework was poorly designed and not consistently executed.,"TSB failed to identify and support customers in financial difficulty appropriately, causing redress across a large customer population.",FCA imposed a £10.91m financial penalty and the firm paid redress.,RD_CONDUCT_GOVERNANCE,FT_EXECUTION|FT_GOVERNANCE|FT_DESIGN,RC_INCENTIVES_CULTURE,FM_CONTROL_NOT_IMPLEMENTED|FM_RECORDKEEPING_FAILURE|FM_INCOMPLETE_DATA_CAPTURE,LS_CUSTOMER_COMMUNICATION|LS_MONITORING,OS_ACTUAL_FINANCIAL_LOSS|OS_POTENTIAL_CONSUMER_DETRIMENT,ENF_FINANCIAL_PENALTY|ENF_REMEDIATION,RC_WEAK_RISK_FRAMEWORK|RC_MANUAL_PROCESS|RC_INCENTIVES_CULTURE,RC_INCENTIVES_CULTURE,,RC_INCENTIVES_CULTURE,High,Weak risk framework demoted from primary in favour of a more specific driver. Weak risk framework removed from revised tags due to limited explicit framework evidence. Original row had three or more root-cause tags; review for over-tagging.
FCA031,Batch 2/FCA031 starling-bank-limited-2024.pdf,FCA,Starling Bank Limited,2024,Bank,The FCA fined Starling for financial crime control failures as the bank grew rapidly. The case included breach of a requirement not to open accounts for certain high-risk customers and weaknesses in sanctions screening.,"Financial crime controls, sanctions screening and governance did not keep pace with rapid expansion.",Starling onboarded high-risk customers despite a restriction and screened customers against an incomplete sanctions dataset.,FCA imposed a £28.96m financial penalty.,RD_AML,FT_DESIGN|FT_EXECUTION|FT_GOVERNANCE,RC_KNOWN_RISK,FM_ONBOARDING_KYC_FAILURE|FM_CUSTOMER_RISK_ASSESSMENT_FAILURE|FM_CONTROL_NOT_IMPLEMENTED|FM_TRANSACTION_MONITORING_FAILURE,LS_ONBOARDING|LS_MONITORING,OS_FINANCIAL_CRIME_FACILITATED,ENF_FINANCIAL_PENALTY|ENF_REMEDIATION,RC_CHANGE_MANAGEMENT|RC_WEAK_RISK_FRAMEWORK|RC_KNOWN_RISK,RC_KNOWN_RISK,,RC_KNOWN_RISK,High,Weak risk framework demoted from primary in favour of a more specific driver. Weak risk framework removed from revised tags due to limited explicit framework evidence. Original row had three or more root-cause tags; review for over-tagging.
FCA032,Batch 2/FCA032 pricewaterhousecoopers-llp-2024.pdf,FCA,PricewaterhouseCoopers LLP,2024,Audit firm,The FCA fined PwC for failing to report suspected fraud at London Capital & Finance to the FCA. The notice focused on an auditor's reporting obligation after forming a reasonable belief of reportable matters.,PwC failed to operate an effective regulatory escalation process for information identified during the audit.,"Despite indicators of potential fraud and serious concerns during the audit, PwC did not make the required report to the FCA.",FCA imposed a £15m financial penalty.,RD_REG_REPORTING|RD_CONDUCT_GOVERNANCE,FT_EXECUTION|FT_GOVERNANCE,RC_KNOWN_RISK|RC_REG_UNDERSTANDING,FM_FAILURE_TO_ESCALATE|FM_MISLEADING_REGULATOR|FM_RECORDKEEPING_FAILURE,LS_REPORTING|LS_GOVERNANCE_OVERSIGHT,OS_ACTUAL_FINANCIAL_LOSS,ENF_FINANCIAL_PENALTY|ENF_PUBLIC_SANCTION,RC_REG_UNDERSTANDING|RC_WEAK_RISK_FRAMEWORK|RC_KNOWN_RISK,RC_KNOWN_RISK,RC_REG_UNDERSTANDING,RC_KNOWN_RISK|RC_REG_UNDERSTANDING,High,Weak risk framework demoted from primary in favour of a more specific driver. Weak risk framework removed from revised tags due to limited explicit framework evidence. Original row had three or more root-cause tags; review for over-tagging.
FCA033,Batch 2/FCA033 cb-payments-limited-2024.pdf,FCA,CB Payments Limited,2024,Cryptoasset and e-money services firm,The FCA fined CB Payments for breaching a voluntary requirement restricting services to high-risk customers. The case concerned onboarding and servicing thousands of high-risk customers despite the restriction.,The firm's operational controls did not reliably implement the agreed customer restriction.,CB Payments provided e-money services to high-risk customers who should have been excluded under the FCA requirement.,FCA imposed a £3.50m financial penalty.,RD_AML,FT_EXECUTION|FT_GOVERNANCE,RC_KNOWN_RISK,FM_CONTROL_NOT_IMPLEMENTED|FM_ONBOARDING_KYC_FAILURE|FM_CUSTOMER_RISK_ASSESSMENT_FAILURE,LS_ONBOARDING|LS_MONITORING,OS_FINANCIAL_CRIME_FACILITATED,ENF_FINANCIAL_PENALTY|ENF_REMEDIATION,RC_SYSTEM_INTEGRATION|RC_WEAK_RISK_FRAMEWORK|RC_KNOWN_RISK,RC_KNOWN_RISK,,RC_KNOWN_RISK,High,Weak risk framework demoted from primary in favour of a more specific driver. Weak risk framework removed from revised tags due to limited explicit framework evidence. Original row had three or more root-cause tags; review for over-tagging.
FCA034,Batch 2/FCA034 hsbc-uk-bank-hsbc-bank-marks-and-spencer-financial-services-2024.pdf,FCA,"HSBC UK Bank plc, HSBC Bank plc and Marks & Spencer Financial Services plc",2024,Banking group,"The FCA fined HSBC group entities for failings in treating customers in arrears or financial difficulty fairly. The case concerned inadequate affordability assessment, forbearance and customer communications.",Collections and recoveries controls did not consistently identify and support customers in financial difficulty.,"Customers were not consistently offered appropriate support, which resulted in a large redress programme.",FCA imposed a £6.28m financial penalty and the firms paid redress.,RD_CONDUCT_GOVERNANCE,FT_EXECUTION|FT_GOVERNANCE|FT_DESIGN,RC_INCENTIVES_CULTURE,FM_CONTROL_NOT_IMPLEMENTED|FM_RECORDKEEPING_FAILURE|FM_INCOMPLETE_DATA_CAPTURE,LS_CUSTOMER_COMMUNICATION|LS_MONITORING,OS_ACTUAL_FINANCIAL_LOSS|OS_POTENTIAL_CONSUMER_DETRIMENT,ENF_FINANCIAL_PENALTY|ENF_REMEDIATION,RC_WEAK_RISK_FRAMEWORK|RC_MANUAL_PROCESS|RC_INCENTIVES_CULTURE,RC_INCENTIVES_CULTURE,,RC_INCENTIVES_CULTURE,Medium,Weak risk framework demoted from primary in favour of a more specific driver. Weak risk framework removed from revised tags due to limited explicit framework evidence. Original row had three or more root-cause tags; review for over-tagging. Primary tag selected on a narrow evidence margin; manual review recommended.
FCA035,Batch 2/FCA035 citigroup-global-markets-limited-2024.pdf,FCA,Citigroup Global Markets Limited,2024,Investment bank,"The FCA fined Citigroup Global Markets for trading control failures after an input error generated a very large basket of erroneous orders. The case concerned manual order entry, pre-trade controls and monitoring.","Manual process risk was not controlled by adequate system limits, governance and real-time monitoring.",A trader's input error generated billions in erroneous orders and some were executed before controls stopped the activity.,FCA imposed a £27.77m financial penalty.,RD_MARKET_ABUSE,FT_DESIGN|FT_EXECUTION|FT_GOVERNANCE,RC_MANUAL_PROCESS,FM_CONTROL_NOT_IMPLEMENTED|FM_SURVEILLANCE_FAILURE|FM_DATA_INACCURACY,LS_MONITORING|LS_DATA_PROCESSING,OS_MARKET_INTEGRITY_IMPACT,ENF_FINANCIAL_PENALTY|ENF_REMEDIATION,RC_WEAK_RISK_FRAMEWORK|RC_MANUAL_PROCESS|RC_KNOWN_RISK,RC_MANUAL_PROCESS,,RC_MANUAL_PROCESS,High,Weak risk framework demoted from primary in favour of a more specific driver. Weak risk framework removed from revised tags due to limited explicit framework evidence. Original row had three or more root-cause tags; review for over-tagging.
FCA036,Batch 2/FCA036 case-ca98.2020.01-fca-infringement-decision-non-confidential.pdf,FCA,Dollar East (International Travel & Money Transfer) Limited,2023,Money transfer firm,The FCA found that Dollar East participated in an unlawful price coordination arrangement for in-store money remittance services from the UK to Pakistan in Glasgow. The conduct infringed competition law.,The firm engaged in coordinated pricing rather than independent competitive decision-making.,Dollar East participated in arrangements that restricted competition and affected pricing for remittance customers.,"FCA imposed a financial penalty of £3,600 for competition law infringement.",RD_CONDUCT_GOVERNANCE,FT_STRATEGIC|FT_INTEGRITY|FT_GOVERNANCE,RC_INCENTIVES_CULTURE|RC_CONCENTRATED_CONTROL,FM_CONTROL_NOT_IMPLEMENTED|FM_RECORDKEEPING_FAILURE,LS_GOVERNANCE_OVERSIGHT,OS_MARKET_INTEGRITY_IMPACT,ENF_FINANCIAL_PENALTY|ENF_LEGAL_ACTION,RC_INCENTIVES_CULTURE|RC_CONCENTRATED_CONTROL,RC_INCENTIVES_CULTURE,RC_CONCENTRATED_CONTROL,RC_INCENTIVES_CULTURE|RC_CONCENTRATED_CONTROL,High,
FCA037,Batch 2/FCA037 case-ca98.2020.01-fca-infringement-decision-non-confidential.pdf,FCA,Hafiz Bros Travel & Money Transfer Limited,2023,Money transfer firm,The FCA found that Hafiz Bros participated in an unlawful price coordination arrangement for in-store money remittance services from the UK to Pakistan in Glasgow. The conduct infringed competition law.,The firm engaged in coordinated pricing rather than independent competitive decision-making.,Hafiz Bros participated in arrangements that restricted competition and affected pricing for remittance customers.,"FCA imposed a financial penalty of £11,200 for competition law infringement.",RD_CONDUCT_GOVERNANCE,FT_STRATEGIC|FT_INTEGRITY|FT_GOVERNANCE,RC_INCENTIVES_CULTURE|RC_CONCENTRATED_CONTROL,FM_CONTROL_NOT_IMPLEMENTED|FM_RECORDKEEPING_FAILURE,LS_GOVERNANCE_OVERSIGHT,OS_MARKET_INTEGRITY_IMPACT,ENF_FINANCIAL_PENALTY|ENF_LEGAL_ACTION,RC_INCENTIVES_CULTURE|RC_CONCENTRATED_CONTROL,RC_INCENTIVES_CULTURE,RC_CONCENTRATED_CONTROL,RC_INCENTIVES_CULTURE|RC_CONCENTRATED_CONTROL,High,
FCA038,Batch 2/FCA038 case-ca98.2020.01-fca-infringement-decision-non-confidential.pdf,FCA,LCC Trans-Sending Limited trading as Small World and Small World Financial Services Group Limited,2023,Money transfer firm,The FCA found that Small World participated in an unlawful price coordination arrangement for in-store money remittance services from the UK to Pakistan in Glasgow. The conduct infringed competition law.,The firm engaged in coordinated pricing rather than independent competitive decision-making.,Small World participated in arrangements that restricted competition and affected pricing for remittance customers.,"FCA imposed a financial penalty of £139,500 for competition law infringement.",RD_CONDUCT_GOVERNANCE,FT_STRATEGIC|FT_INTEGRITY|FT_GOVERNANCE,RC_INCENTIVES_CULTURE|RC_CONCENTRATED_CONTROL,FM_CONTROL_NOT_IMPLEMENTED|FM_RECORDKEEPING_FAILURE,LS_GOVERNANCE_OVERSIGHT,OS_MARKET_INTEGRITY_IMPACT,ENF_FINANCIAL_PENALTY|ENF_LEGAL_ACTION,RC_INCENTIVES_CULTURE|RC_CONCENTRATED_CONTROL,RC_INCENTIVES_CULTURE,RC_CONCENTRATED_CONTROL,RC_INCENTIVES_CULTURE|RC_CONCENTRATED_CONTROL,High,
FCA039,Batch 2/FCA039 equifax-limited-2023.pdf,FCA,Equifax Limited,2023,Credit reference agency,"The FCA fined Equifax for failings linked to the 2017 cyber breach affecting UK consumers' data held by its US parent. The case focused on outsourced data processing, data security oversight and customer communications.",Equifax failed to manage and oversee a third-party data processing arrangement with sufficient rigour.,"UK consumer data was exposed following poor oversight of security controls and consumers received communications that were not sufficiently clear, fair and not misleading.",FCA imposed an £11.16m financial penalty.,RD_DATA_PROTECTION|RD_CONDUCT_GOVERNANCE,FT_GOVERNANCE|FT_DESIGN|FT_EXECUTION,RC_THIRD_PARTY,FM_UNLAWFUL_DATA_USAGE|FM_DATA_PROCESSING_ERROR|FM_CONTROL_NOT_IMPLEMENTED|FM_MISLEADING_REGULATOR,LS_DATA_PROCESSING|LS_CUSTOMER_COMMUNICATION,OS_POTENTIAL_CONSUMER_DETRIMENT|OS_ACTUAL_FINANCIAL_LOSS,ENF_FINANCIAL_PENALTY|ENF_REMEDIATION,RC_THIRD_PARTY|RC_WEAK_RISK_FRAMEWORK|RC_KNOWN_RISK,RC_THIRD_PARTY,,RC_THIRD_PARTY,High,Weak risk framework demoted from primary in favour of a more specific driver. Weak risk framework removed from revised tags due to limited explicit framework evidence. Original row had three or more root-cause tags; review for over-tagging.
FCA040,Batch 2/FCA040 adm-investor-services-international-limited-2023.pdf,FCA,ADM Investor Services International Limited,2023,Brokerage firm,"The FCA fined ADM Investor Services International for AML systems and controls failings in its CFD business. The notice focused on client risk assessment, compliance monitoring, policies and remediation of known weaknesses.",The firm did not remediate known AML weaknesses and lacked a sufficiently risk-based control framework.,"ADMISI failed to risk-rate clients adequately, apply proportionate CDD and EDD and monitor high-risk relationships effectively.",FCA imposed a £6.47m financial penalty.,RD_AML,FT_DESIGN|FT_GOVERNANCE|FT_EXECUTION,RC_KNOWN_RISK|RC_WEAK_RISK_FRAMEWORK,FM_CDD_FAILURE|FM_CUSTOMER_RISK_ASSESSMENT_FAILURE|FM_EDD_FAILURE|FM_CONTROL_NOT_IMPLEMENTED,LS_ONBOARDING|LS_MONITORING,OS_FINANCIAL_CRIME_FACILITATED,ENF_FINANCIAL_PENALTY|ENF_REMEDIATION,RC_WEAK_RISK_FRAMEWORK|RC_KNOWN_RISK|RC_POOR_DOCUMENTATION,RC_KNOWN_RISK,RC_WEAK_RISK_FRAMEWORK,RC_KNOWN_RISK|RC_WEAK_RISK_FRAMEWORK,Medium,Weak risk framework demoted from primary in favour of a more specific driver. Original row had three or more root-cause tags; review for over-tagging. Primary tag selected on a narrow evidence margin; manual review recommended.
FCA041,Batch 2/FCA041 bastion-capital-london-ltd-2023.pdf,FCA,Bastion Capital London Ltd,2023,Brokerage firm,The FCA fined Bastion Capital for financial crime systems and controls failings linked to Solo Group trading. The case concerned suspicious OTC equity and dividend arbitrage trading.,The firm failed to maintain AML controls proportionate to the risks of the Solo Group business.,"Bastion did not undertake adequate CDD, EDD or transaction monitoring and failed to act on red flags in the trading.",FCA imposed a £2.45m financial penalty.,RD_AML|RD_MARKET_ABUSE,FT_DESIGN|FT_EXECUTION|FT_GOVERNANCE,RC_KNOWN_RISK|RC_WEAK_RISK_FRAMEWORK,FM_CDD_FAILURE|FM_EDD_FAILURE|FM_TRANSACTION_MONITORING_FAILURE|FM_FAILURE_TO_ESCALATE,LS_ONBOARDING|LS_MONITORING,OS_FINANCIAL_CRIME_FACILITATED|OS_MARKET_INTEGRITY_IMPACT,ENF_FINANCIAL_PENALTY,RC_WEAK_RISK_FRAMEWORK|RC_KNOWN_RISK|RC_INCENTIVES_CULTURE,RC_KNOWN_RISK,RC_WEAK_RISK_FRAMEWORK,RC_KNOWN_RISK|RC_WEAK_RISK_FRAMEWORK,Medium,Weak risk framework demoted from primary in favour of a more specific driver. Original row had three or more root-cause tags; review for over-tagging. Primary tag selected on a narrow evidence margin; manual review recommended.
FCA042,Batch 2/FCA042 edf-man-capital-markets-ltd-2023.pdf,FCA,ED&F Man Capital Markets Ltd,2023,Brokerage and commodities firm,The FCA fined ED&F Man Capital Markets for failures relating to dividend arbitrage trading and withholding tax reclaims. The firm relied on legal and tax opinions without adequate controls and governance.,The firm lacked effective oversight of a high-risk business line and relied too heavily on a single senior manager.,"The firm did not verify tax and legal opinions, failed to challenge high-risk trading and enabled illegitimate payments by SKAT to clients.",FCA imposed a £17.22m financial penalty.,RD_AML|RD_MARKET_ABUSE,FT_DESIGN|FT_GOVERNANCE|FT_EXECUTION,RC_KNOWN_RISK,FM_EDD_FAILURE|FM_TRANSACTION_MONITORING_FAILURE|FM_CONTROL_NOT_IMPLEMENTED|FM_FAILURE_TO_ESCALATE,LS_ONBOARDING|LS_MONITORING,OS_FINANCIAL_CRIME_FACILITATED|OS_ACTUAL_FINANCIAL_LOSS,ENF_FINANCIAL_PENALTY,RC_WEAK_RISK_FRAMEWORK|RC_CONCENTRATED_CONTROL|RC_KNOWN_RISK,RC_KNOWN_RISK,,RC_KNOWN_RISK,High,Weak risk framework demoted from primary in favour of a more specific driver. Weak risk framework removed from revised tags due to limited explicit framework evidence. Original row had three or more root-cause tags; review for over-tagging.
FCA043,Batch 2/FCA043 al-rayan-bank-plc-2023.pdf,FCA,Al Rayan Bank PLC,2023,Bank,"The FCA fined Al Rayan Bank for AML systems and controls failings involving high-risk customers, source of wealth and transaction monitoring. The case concerned onboarding and ongoing monitoring.",The bank's AML framework was not sufficiently risk-based for its customer profile and products.,"The bank failed to apply adequate EDD, source of funds and source of wealth checks and ongoing transaction monitoring for higher-risk customers.",FCA imposed a £4.02m financial penalty.,RD_AML,FT_DESIGN|FT_EXECUTION|FT_GOVERNANCE,RC_WEAK_RISK_FRAMEWORK,FM_EDD_FAILURE|FM_CDD_FAILURE|FM_TRANSACTION_MONITORING_FAILURE|FM_CUSTOMER_RISK_ASSESSMENT_FAILURE,LS_ONBOARDING|LS_MONITORING,OS_FINANCIAL_CRIME_FACILITATED,ENF_FINANCIAL_PENALTY|ENF_REMEDIATION,RC_WEAK_RISK_FRAMEWORK|RC_KNOWN_RISK|RC_POOR_DOCUMENTATION,RC_WEAK_RISK_FRAMEWORK,,RC_WEAK_RISK_FRAMEWORK,High,Original row had three or more root-cause tags; review for over-tagging.
FCA044,Batch 2/FCA044 guaranty-trust-bank-uk-limited-2023.pdf,FCA,Guaranty Trust Bank (UK) Limited,2023,Bank,"The FCA fined Guaranty Trust Bank for repeated AML systems and controls failings. The case focused on high-risk and non-EEA customers, CDD, EDD, policies and ongoing monitoring.",The firm failed to remediate previously identified financial crime weaknesses and maintain an effective AML framework.,"The bank did not consistently apply adequate CDD, EDD and monitoring to higher-risk customers and relationships.",FCA imposed a £7.67m financial penalty.,RD_AML,FT_DESIGN|FT_EXECUTION|FT_GOVERNANCE,RC_KNOWN_RISK|RC_WEAK_RISK_FRAMEWORK,FM_EDD_FAILURE|FM_CDD_FAILURE|FM_TRANSACTION_MONITORING_FAILURE|FM_CUSTOMER_RISK_ASSESSMENT_FAILURE,LS_ONBOARDING|LS_MONITORING,OS_FINANCIAL_CRIME_FACILITATED,ENF_FINANCIAL_PENALTY|ENF_REMEDIATION,RC_WEAK_RISK_FRAMEWORK|RC_KNOWN_RISK|RC_POOR_DOCUMENTATION,RC_KNOWN_RISK,RC_WEAK_RISK_FRAMEWORK,RC_KNOWN_RISK|RC_WEAK_RISK_FRAMEWORK,Medium,Weak risk framework demoted from primary in favour of a more specific driver. Original row had three or more root-cause tags; review for over-tagging. Primary tag selected on a narrow evidence margin; manual review recommended.
FCA045,Batch 2/FCA045 tsb-bank-plc-2022.pdf,FCA,TSB Bank plc,2022,Bank,The FCA fined TSB for operational resilience and customer treatment failures arising from its 2018 IT migration. Customers experienced major disruption and the firm paid substantial redress.,"The bank's migration governance, testing, readiness assessment and third-party oversight were inadequate.","TSB migrated customers to a new platform before risks were properly controlled, causing widespread service disruption and complaints.",FCA imposed a £29.75m financial penalty and the firm paid redress.,RD_CONDUCT_GOVERNANCE,FT_DESIGN|FT_GOVERNANCE|FT_EXECUTION,RC_THIRD_PARTY|RC_CHANGE_MANAGEMENT,FM_CONTROL_NOT_IMPLEMENTED|FM_DATA_PROCESSING_ERROR|FM_FAILURE_TO_ESCALATE,LS_DATA_PROCESSING|LS_GOVERNANCE_OVERSIGHT,OS_ACTUAL_FINANCIAL_LOSS|OS_POTENTIAL_CONSUMER_DETRIMENT,ENF_FINANCIAL_PENALTY|ENF_REMEDIATION,RC_CHANGE_MANAGEMENT|RC_THIRD_PARTY|RC_WEAK_RISK_FRAMEWORK,RC_THIRD_PARTY,RC_CHANGE_MANAGEMENT,RC_THIRD_PARTY|RC_CHANGE_MANAGEMENT,Medium,Weak risk framework demoted from primary in favour of a more specific driver. Weak risk framework removed from revised tags due to limited explicit framework evidence. Original row had three or more root-cause tags; review for over-tagging. Primary tag selected on a narrow evidence margin; manual review recommended.
FCA046,Batch 2/FCA046 metro-bank-2022.pdf,FCA,Metro Bank PLC,2022,Bank,The FCA fined Metro Bank for market disclosure failings related to risk weighted assets. The bank made inaccurate statements and delayed clear disclosure after identifying an RWA issue.,Data quality and governance controls around prudential reporting and market disclosure were inadequate.,Metro Bank incorrectly risk-weighted commercial loans and failed to disclose the issue to the market in a clear and timely way.,FCA imposed a £10.00m financial penalty.,RD_DISCLOSURE_LISTING|RD_REG_REPORTING,FT_GOVERNANCE|FT_EXECUTION,RC_DATA_QUALITY,FM_DATA_INACCURACY|FM_REPORTING_MISCONFIGURATION|FM_INCOMPLETE_DATA_CAPTURE,LS_REPORTING|LS_GOVERNANCE_OVERSIGHT,OS_MARKET_INTEGRITY_IMPACT,ENF_FINANCIAL_PENALTY|ENF_PUBLIC_SANCTION,RC_DATA_QUALITY|RC_WEAK_RISK_FRAMEWORK|RC_KNOWN_RISK,RC_DATA_QUALITY,,RC_DATA_QUALITY,High,Weak risk framework demoted from primary in favour of a more specific driver. Weak risk framework removed from revised tags due to limited explicit framework evidence. Original row had three or more root-cause tags; review for over-tagging.
FCA047,Batch 2/FCA047 santander-uk-plc-2022.pdf,FCA,Santander UK Plc,2022,Bank,"The FCA fined Santander for AML failings in its business banking division. The case concerned onboarding, understanding customer business, transaction monitoring and delayed remediation.",The bank's business banking AML control framework was not effective and weaknesses were allowed to persist.,"Santander failed to obtain sufficient customer information, monitor transactions adequately and escalate suspicious activity in a timely way.",FCA imposed a £107.79m financial penalty.,RD_AML,FT_DESIGN|FT_GOVERNANCE|FT_EXECUTION,RC_KNOWN_RISK|RC_WEAK_RISK_FRAMEWORK,FM_CDD_FAILURE|FM_CUSTOMER_RISK_ASSESSMENT_FAILURE|FM_TRANSACTION_MONITORING_FAILURE|FM_FAILURE_TO_ESCALATE,LS_ONBOARDING|LS_MONITORING,OS_FINANCIAL_CRIME_FACILITATED,ENF_FINANCIAL_PENALTY|ENF_REMEDIATION,RC_WEAK_RISK_FRAMEWORK|RC_KNOWN_RISK|RC_SYSTEM_INTEGRATION,RC_KNOWN_RISK,RC_WEAK_RISK_FRAMEWORK,RC_KNOWN_RISK|RC_WEAK_RISK_FRAMEWORK,High,Weak risk framework demoted from primary in favour of a more specific driver. Original row had three or more root-cause tags; review for over-tagging.
FCA049,Batch 2/FCA049 bgc-gfi-2022.pdf,FCA,"BGC Brokers LP, GFI Brokers Limited and GFI Securities Limited",2022,Interdealer broker,The FCA fined BGC and GFI entities for market abuse surveillance failings. The case concerned inadequate systems and controls for detecting market abuse across asset classes.,The firms' surveillance framework was not sufficiently comprehensive or consistently operated.,"Market abuse risks were monitored through inadequate manual and automated controls, with gaps in coverage, escalation and assurance.",FCA imposed a £4.78m financial penalty.,RD_MARKET_ABUSE,FT_DESIGN|FT_GOVERNANCE|FT_EXECUTION,RC_KNOWN_RISK|RC_WEAK_RISK_FRAMEWORK,FM_SURVEILLANCE_FAILURE|FM_CONTROL_NOT_IMPLEMENTED|FM_FAILURE_TO_ESCALATE,LS_MONITORING|LS_REPORTING,OS_MARKET_INTEGRITY_IMPACT,ENF_FINANCIAL_PENALTY|ENF_REMEDIATION,RC_WEAK_RISK_FRAMEWORK|RC_KNOWN_RISK,RC_KNOWN_RISK,RC_WEAK_RISK_FRAMEWORK,RC_KNOWN_RISK|RC_WEAK_RISK_FRAMEWORK,Medium,Weak risk framework demoted from primary in favour of a more specific driver. Primary tag selected on a narrow evidence margin; manual review recommended.
FCA050,Batch 2/FCA050 pembrokeshire-mortgage-centre-limited-2022.pdf,FCA,Pembrokeshire Mortgage Centre Limited,2022,Financial adviser,"The FCA fined Pembrokeshire Mortgage Centre for unsuitable pension transfer advice, including to British Steel Pension Scheme members. The case focused on advice quality, suitability and customer communications.",The firm's advice model and oversight failed to protect customers from unsuitable transfers into higher-risk arrangements.,"Customers received unsuitable advice and inadequate explanations of risks, leading to compensation through the FSCS.",FCA imposed a £2.35m financial penalty.,RD_CONDUCT_GOVERNANCE,FT_EXECUTION|FT_GOVERNANCE|FT_DESIGN,RC_KNOWN_RISK,FM_CONTROL_NOT_IMPLEMENTED|FM_INCOMPLETE_DATA_CAPTURE|FM_RECORDKEEPING_FAILURE,LS_CUSTOMER_COMMUNICATION|LS_GOVERNANCE_OVERSIGHT,OS_ACTUAL_FINANCIAL_LOSS,ENF_FINANCIAL_PENALTY|ENF_REMEDIATION,RC_WEAK_RISK_FRAMEWORK|RC_INCENTIVES_CULTURE|RC_KNOWN_RISK,RC_KNOWN_RISK,,RC_KNOWN_RISK,Medium,Weak risk framework demoted from primary in favour of a more specific driver. Weak risk framework removed from revised tags due to limited explicit framework evidence. Original row had three or more root-cause tags; review for over-tagging. Primary tag selected on a narrow evidence margin; manual review recommended.
FCA051,Batch 2/FCA051 gatehouse-bank-plc-2022.pdf,FCA,Gatehouse Bank plc,2022,Bank,"The FCA fined Gatehouse Bank for AML systems and controls failings in a business involving higher-risk jurisdictions and real estate-related customers. The case concerned onboarding, EDD, ongoing monitoring and compliance resourcing.",The bank's AML framework and three lines of defence were not proportionate to its higher-risk business.,"Gatehouse did not consistently carry out adequate CDD, EDD, source of funds checks or ongoing monitoring.",FCA imposed a £2.26m financial penalty.,RD_AML,FT_DESIGN|FT_GOVERNANCE|FT_EXECUTION,RC_WEAK_RISK_FRAMEWORK,FM_CDD_FAILURE|FM_EDD_FAILURE|FM_TRANSACTION_MONITORING_FAILURE|FM_CUSTOMER_RISK_ASSESSMENT_FAILURE,LS_ONBOARDING|LS_MONITORING,OS_FINANCIAL_CRIME_FACILITATED,ENF_FINANCIAL_PENALTY|ENF_REMEDIATION,RC_WEAK_RISK_FRAMEWORK|RC_KNOWN_RISK|RC_POOR_DOCUMENTATION,RC_WEAK_RISK_FRAMEWORK,,RC_WEAK_RISK_FRAMEWORK,High,Original row had three or more root-cause tags; review for over-tagging.
FCA052,Batch 2/FCA052 sigma-broking-limited-2022.pdf,FCA,Sigma Broking Limited,2022,Brokerage firm,"The FCA fined Sigma Broking for failures in transaction reporting, market abuse surveillance and governance after expanding its CFD business. The case concerned weak board oversight and control implementation.","The firm expanded its business without building adequate reporting, surveillance and governance controls.",Sigma failed to implement effective transaction reporting and market abuse controls and did not provide sufficient oversight of new business risks.,"FCA imposed a £531,600 financial penalty.",RD_MARKET_ABUSE|RD_REG_REPORTING,FT_DESIGN|FT_GOVERNANCE|FT_EXECUTION,RC_CHANGE_MANAGEMENT|RC_REG_UNDERSTANDING|RC_WEAK_RISK_FRAMEWORK,FM_SURVEILLANCE_FAILURE|FM_REPORTING_MISCONFIGURATION|FM_DATA_INACCURACY|FM_CONTROL_NOT_IMPLEMENTED,LS_MONITORING|LS_REPORTING,OS_MARKET_INTEGRITY_IMPACT,ENF_FINANCIAL_PENALTY,RC_CHANGE_MANAGEMENT|RC_WEAK_RISK_FRAMEWORK|RC_REG_UNDERSTANDING,RC_CHANGE_MANAGEMENT,RC_REG_UNDERSTANDING|RC_WEAK_RISK_FRAMEWORK,RC_CHANGE_MANAGEMENT|RC_REG_UNDERSTANDING|RC_WEAK_RISK_FRAMEWORK,Medium,Weak risk framework demoted from primary in favour of a more specific driver. Original row had three or more root-cause tags; review for over-tagging. Primary tag selected on a narrow evidence margin; manual review recommended.
FCA053,Batch 2/FCA053 citigroup-global-markets-limited-2022.pdf,FCA,Citigroup Global Markets Limited,2022,Investment bank,"The FCA fined Citigroup Global Markets for market abuse surveillance failures after the Market Abuse Regulation came into force. The case concerned delayed gap analysis, weak risk assessment and insufficient governance over surveillance changes.",The firm's change management and regulatory implementation controls were inadequate.,"Citigroup did not identify and remediate surveillance gaps promptly, leaving market abuse risks insufficiently monitored.",FCA imposed a £12.55m financial penalty.,RD_MARKET_ABUSE,FT_DESIGN|FT_GOVERNANCE|FT_EXECUTION,RC_CHANGE_MANAGEMENT,FM_SURVEILLANCE_FAILURE|FM_CONTROL_NOT_IMPLEMENTED|FM_FAILURE_TO_ESCALATE,LS_MONITORING|LS_GOVERNANCE_OVERSIGHT,OS_MARKET_INTEGRITY_IMPACT,ENF_FINANCIAL_PENALTY|ENF_REMEDIATION,RC_REG_UNDERSTANDING|RC_WEAK_RISK_FRAMEWORK|RC_CHANGE_MANAGEMENT,RC_CHANGE_MANAGEMENT,,RC_CHANGE_MANAGEMENT,High,Weak risk framework demoted from primary in favour of a more specific driver. Weak risk framework removed from revised tags due to limited explicit framework evidence. Original row had three or more root-cause tags; review for over-tagging.
FCA054,Batch 2/FCA054 the-tjm-partnership-limited-formerly-known-as-neovision-global-capital-limited-in-liquidation-2022.pdf,FCA,"The TJM Partnership Limited, formerly Neovision Global Capital Limited",2022,Brokerage firm,The FCA fined TJM for financial crime systems and controls failings linked to Solo Group trading. The firm's revenue dependence on the business contributed to weak challenge of suspicious activity.,The firm allowed commercial incentives to override an effective financial crime risk response.,"TJM failed to apply adequate CDD, EDD, transaction monitoring and escalation to suspicious OTC equity trading.",FCA imposed a £2.04m financial penalty.,RD_AML|RD_MARKET_ABUSE,FT_STRATEGIC|FT_DESIGN|FT_EXECUTION,RC_INCENTIVES_CULTURE|RC_KNOWN_RISK|RC_WEAK_RISK_FRAMEWORK,FM_CDD_FAILURE|FM_EDD_FAILURE|FM_TRANSACTION_MONITORING_FAILURE|FM_FAILURE_TO_ESCALATE,LS_ONBOARDING|LS_MONITORING,OS_FINANCIAL_CRIME_FACILITATED|OS_MARKET_INTEGRITY_IMPACT,ENF_FINANCIAL_PENALTY,RC_INCENTIVES_CULTURE|RC_WEAK_RISK_FRAMEWORK|RC_KNOWN_RISK,RC_INCENTIVES_CULTURE,RC_KNOWN_RISK|RC_WEAK_RISK_FRAMEWORK,RC_INCENTIVES_CULTURE|RC_KNOWN_RISK|RC_WEAK_RISK_FRAMEWORK,Medium,Weak risk framework demoted from primary in favour of a more specific driver. Original row had three or more root-cause tags; review for over-tagging. Primary tag selected on a narrow evidence margin; manual review recommended.
FCA055,Batch 2/FCA055 ghana-international-bank-plc.pdf,FCA,Ghana International Bank Plc,2022,Bank,"The FCA fined Ghana International Bank for AML and counter-terrorist financing control failures in correspondent banking. The case concerned due diligence, enhanced monitoring and fragmented policies.",The bank's financial crime framework did not adequately address the risks of correspondent banking relationships.,"The bank failed to carry out adequate CDD, EDD and ongoing monitoring and did not maintain clear, effective AML policies.",FCA imposed an £8.33m financial penalty.,RD_AML,FT_DESIGN|FT_GOVERNANCE|FT_EXECUTION,RC_POOR_DOCUMENTATION,FM_EDD_FAILURE|FM_CDD_FAILURE|FM_TRANSACTION_MONITORING_FAILURE|FM_CONTROL_NOT_IMPLEMENTED,LS_ONBOARDING|LS_MONITORING,OS_FINANCIAL_CRIME_FACILITATED,ENF_FINANCIAL_PENALTY|ENF_REMEDIATION,RC_WEAK_RISK_FRAMEWORK|RC_POOR_DOCUMENTATION|RC_REG_UNDERSTANDING,RC_POOR_DOCUMENTATION,,RC_POOR_DOCUMENTATION,Medium,Weak risk framework demoted from primary in favour of a more specific driver. Weak risk framework removed from revised tags due to limited explicit framework evidence. Original row had three or more root-cause tags; review for over-tagging. Primary tag selected on a narrow evidence margin; manual review recommended.
FCA056,Batch 2/FCA056 final-notice-2022-jlt-specialty-limited.pdf,FCA,JLT Specialty Limited,2022,Insurance broker,"The FCA fined JLT Specialty for financial crime control failures relating to overseas introducers used by group entities. The case concerned bribery and corruption risk, third-party due diligence and control sharing.",The firm did not apply adequate safeguards to third-party introducer arrangements despite known risks.,"JLT failed to ensure effective due diligence, approval and information sharing for introducers that created bribery and corruption risk.",FCA imposed a £7.88m financial penalty.,RD_AML|RD_CONDUCT_GOVERNANCE,FT_DESIGN|FT_GOVERNANCE|FT_EXECUTION,RC_KNOWN_RISK|RC_THIRD_PARTY,FM_EDD_FAILURE|FM_FAILURE_TO_ESCALATE|FM_CONTROL_NOT_IMPLEMENTED,LS_ONBOARDING|LS_GOVERNANCE_OVERSIGHT,OS_FINANCIAL_CRIME_FACILITATED,ENF_FINANCIAL_PENALTY|ENF_REMEDIATION,RC_THIRD_PARTY|RC_KNOWN_RISK|RC_WEAK_RISK_FRAMEWORK,RC_KNOWN_RISK,RC_THIRD_PARTY,RC_KNOWN_RISK|RC_THIRD_PARTY,High,Weak risk framework demoted from primary in favour of a more specific driver. Weak risk framework removed from revised tags due to limited explicit framework evidence. Original row had three or more root-cause tags; review for over-tagging.
FCA057,Batch 2/FCA057 final-notice-bank-house-investment-management-limited.pdf,FCA,Bank House Investment Management Limited,2022,Financial adviser,The FCA fined Bank House Investment Management for pension transfer and SIPP advice failings involving outsourced parties and high-risk investments. The case included unauthorised activity and misleading presentation of independent advice.,The firm relied on third parties and introducer-driven arrangements without adequate control over advice quality and conflicts.,Customers were exposed to unsuitable or unauthorised pension advice and high-risk investments without proper oversight or disclosures.,"FCA imposed a £311,639 financial penalty.",RD_CONDUCT_GOVERNANCE,FT_INTEGRITY|FT_GOVERNANCE|FT_EXECUTION,RC_THIRD_PARTY|RC_CONCENTRATED_CONTROL|RC_INCENTIVES_CULTURE,FM_UNAUTHORISED_ACTIVITY|FM_CONTROL_NOT_IMPLEMENTED|FM_RECORDKEEPING_FAILURE,LS_CUSTOMER_COMMUNICATION|LS_GOVERNANCE_OVERSIGHT,OS_ACTUAL_FINANCIAL_LOSS,ENF_FINANCIAL_PENALTY|ENF_PUBLIC_SANCTION,RC_THIRD_PARTY|RC_INCENTIVES_CULTURE|RC_CONCENTRATED_CONTROL,RC_THIRD_PARTY,RC_CONCENTRATED_CONTROL|RC_INCENTIVES_CULTURE,RC_THIRD_PARTY|RC_CONCENTRATED_CONTROL|RC_INCENTIVES_CULTURE,Medium,Original row had three or more root-cause tags; review for over-tagging. Primary tag selected on a narrow evidence margin; manual review recommended.
FCA058,Batch 2/FCA058 gam-international-management-limited-2022.pdf,FCA,GAM International Management Limited,2022,Asset manager,The FCA fined GAM International Management for failures to manage conflicts of interest fairly and effectively. The case concerned investments involving Greensill and other assets where customer interests could conflict with firm or business partner interests.,"The firm's conflicts framework, board oversight and three lines of defence did not operate effectively.","GAM failed to identify, manage and evidence fair treatment of conflicts arising from investments and business relationships.",FCA imposed a £13.01m financial penalty.,RD_CONDUCT_GOVERNANCE,FT_GOVERNANCE|FT_EXECUTION,RC_POOR_DOCUMENTATION|RC_WEAK_RISK_FRAMEWORK,FM_FAILURE_TO_ESCALATE|FM_CONTROL_NOT_IMPLEMENTED|FM_RECORDKEEPING_FAILURE,LS_MONITORING|LS_GOVERNANCE_OVERSIGHT,OS_POTENTIAL_CONSUMER_DETRIMENT,ENF_FINANCIAL_PENALTY|ENF_REMEDIATION,RC_WEAK_RISK_FRAMEWORK|RC_INCENTIVES_CULTURE|RC_POOR_DOCUMENTATION,RC_POOR_DOCUMENTATION,RC_WEAK_RISK_FRAMEWORK,RC_POOR_DOCUMENTATION|RC_WEAK_RISK_FRAMEWORK,High,Weak risk framework demoted from primary in favour of a more specific driver. Original row had three or more root-cause tags; review for over-tagging.
FCA059,Batch 2/FCA059 barclays-bank-plc-2022.pdf,FCA,Barclays Bank Plc,2022,Bank,The FCA fined Barclays for AML failings in its relationship with Premier FX. The case concerned inadequate monitoring of a money service business customer and failure to understand client money segregation risks.,The bank did not apply adequate ongoing monitoring and EDD to a known high-risk customer relationship.,"Barclays failed to challenge unusual activity and weaknesses at Premier FX, whose customers later suffered losses.","FCA imposed a £783,800 financial penalty.",RD_AML,FT_EXECUTION|FT_GOVERNANCE,RC_KNOWN_RISK,FM_EDD_FAILURE|FM_TRANSACTION_MONITORING_FAILURE|FM_FAILURE_TO_ESCALATE|FM_CUSTOMER_RISK_ASSESSMENT_FAILURE,LS_MONITORING|LS_GOVERNANCE_OVERSIGHT,OS_ACTUAL_FINANCIAL_LOSS|OS_FINANCIAL_CRIME_FACILITATED,ENF_FINANCIAL_PENALTY,RC_KNOWN_RISK|RC_WEAK_RISK_FRAMEWORK|RC_THIRD_PARTY,RC_KNOWN_RISK,,RC_KNOWN_RISK,High,Weak risk framework demoted from primary in favour of a more specific driver. Weak risk framework removed from revised tags due to limited explicit framework evidence. Original row had three or more root-cause tags; review for over-tagging.
FCA060,Batch 2/FCA060 julius-baer-international-limited-2022.pdf,FCA,Julius Baer International Limited,2022,Wealth manager,"The FCA fined Julius Baer International for conduct linked to Yukos-related commission arrangements and finders' fees. The case concerned lack of integrity, bribery and corruption risk, escalation and control failures.",The firm's governance and financial crime controls did not prevent improper fee arrangements involving senior individuals and intermediaries.,"Suspicious payments and FX transactions were not properly challenged or escalated, exposing the firm to bribery and corruption risk.",FCA imposed an £18.02m financial penalty.,RD_AML|RD_CONDUCT_GOVERNANCE,FT_INTEGRITY|FT_GOVERNANCE|FT_EXECUTION,RC_CONCENTRATED_CONTROL|RC_INCENTIVES_CULTURE,FM_FAILURE_TO_ESCALATE|FM_CONTROL_NOT_IMPLEMENTED|FM_MISAPPROPRIATION_OF_FUNDS|FM_RECORDKEEPING_FAILURE,LS_MONITORING|LS_GOVERNANCE_OVERSIGHT,OS_FINANCIAL_CRIME_FACILITATED|OS_ACTUAL_FINANCIAL_LOSS,ENF_FINANCIAL_PENALTY|ENF_REMEDIATION,RC_INCENTIVES_CULTURE|RC_CONCENTRATED_CONTROL|RC_WEAK_RISK_FRAMEWORK,RC_CONCENTRATED_CONTROL,RC_INCENTIVES_CULTURE,RC_CONCENTRATED_CONTROL|RC_INCENTIVES_CULTURE,High,Weak risk framework demoted from primary in favour of a more specific driver. Weak risk framework removed from revised tags due to limited explicit framework evidence. Original row had three or more root-cause tags; review for over-tagging.
FCA061,Batch 2/FCA061 hsbc-bank-plc.pdf,FCA,HSBC Bank plc,2021,Bank,"The FCA fined HSBC for AML transaction monitoring failures. The case concerned scenario coverage, threshold calibration, data completeness and adherence to internal monitoring policies.","System design, data quality and governance weaknesses reduced the effectiveness of automated transaction monitoring.","HSBC failed to monitor some transactions adequately because scenarios, data feeds and control parameters were incomplete or misconfigured.",FCA imposed a £91.35m financial penalty.,RD_AML,FT_DESIGN|FT_EXECUTION|FT_GOVERNANCE,RC_SYSTEM_INTEGRATION|RC_DATA_QUALITY,FM_TRANSACTION_MONITORING_FAILURE|FM_REPORTING_MISCONFIGURATION|FM_CONTROL_NOT_IMPLEMENTED|FM_DATA_INACCURACY,LS_MONITORING|LS_DATA_PROCESSING,OS_FINANCIAL_CRIME_FACILITATED,ENF_FINANCIAL_PENALTY|ENF_REMEDIATION,RC_SYSTEM_INTEGRATION|RC_DATA_QUALITY|RC_WEAK_RISK_FRAMEWORK,RC_SYSTEM_INTEGRATION,RC_DATA_QUALITY,RC_SYSTEM_INTEGRATION|RC_DATA_QUALITY,Medium,Weak risk framework demoted from primary in favour of a more specific driver. Weak risk framework removed from revised tags due to limited explicit framework evidence. Original row had three or more root-cause tags; review for over-tagging. Primary tag selected on a narrow evidence margin; manual review recommended.
FCA062,Batch 2/FCA062 FCA-v-Natwest-Sentencing-remarks-131221.pdf,FCA,National Westminster Bank Plc,2021,Bank,"NatWest was sentenced after pleading guilty to offences under the Money Laundering Regulations. The case concerned failures in ongoing monitoring of Fowler Oldfield, including very large cash deposits.",The bank failed to respond adequately to known money laundering risks and suspicious activity in a high-risk customer relationship.,NatWest did not apply effective risk-sensitive monitoring or enhanced monitoring despite escalating red flags and unusual cash activity.,The court imposed a financial penalty following FCA criminal proceedings.,RD_AML,FT_EXECUTION|FT_GOVERNANCE|FT_DESIGN,RC_KNOWN_RISK,FM_TRANSACTION_MONITORING_FAILURE|FM_EDD_FAILURE|FM_FAILURE_TO_ESCALATE,LS_MONITORING|LS_GOVERNANCE_OVERSIGHT,OS_FINANCIAL_CRIME_FACILITATED,ENF_FINANCIAL_PENALTY|ENF_LEGAL_ACTION|ENF_PUBLIC_SANCTION,RC_KNOWN_RISK|RC_WEAK_RISK_FRAMEWORK|RC_INCENTIVES_CULTURE,RC_KNOWN_RISK,,RC_KNOWN_RISK,High,Weak risk framework demoted from primary in favour of a more specific driver. Weak risk framework removed from revised tags due to limited explicit framework evidence. Original row had three or more root-cause tags; review for over-tagging.
FCA063,Batch 2/FCA063 sunrise-brokers-llp-2021.pdf,FCA,Sunrise Brokers LLP,2021,Brokerage firm,The FCA fined Sunrise Brokers for financial crime systems and controls failings linked to Solo Group trading. The case concerned suspicious OTC equity and dividend arbitrage activity.,The firm did not apply AML controls proportionate to the financial crime risks presented by the trading.,"Sunrise failed to carry out adequate CDD, EDD, monitoring and escalation of red flags in high-risk trading.","FCA imposed a £642,400 financial penalty.",RD_AML|RD_MARKET_ABUSE,FT_DESIGN|FT_EXECUTION|FT_GOVERNANCE,RC_KNOWN_RISK|RC_WEAK_RISK_FRAMEWORK,FM_CDD_FAILURE|FM_EDD_FAILURE|FM_TRANSACTION_MONITORING_FAILURE|FM_FAILURE_TO_ESCALATE,LS_ONBOARDING|LS_MONITORING,OS_FINANCIAL_CRIME_FACILITATED|OS_MARKET_INTEGRITY_IMPACT,ENF_FINANCIAL_PENALTY,RC_WEAK_RISK_FRAMEWORK|RC_KNOWN_RISK|RC_INCENTIVES_CULTURE,RC_KNOWN_RISK,RC_WEAK_RISK_FRAMEWORK,RC_KNOWN_RISK|RC_WEAK_RISK_FRAMEWORK,Medium,Weak risk framework demoted from primary in favour of a more specific driver. Original row had three or more root-cause tags; review for over-tagging. Primary tag selected on a narrow evidence margin; manual review recommended.
FCA064,Batch 2/FCA064 credit-suisse-2021.pdf,FCA,Credit Suisse International and Credit Suisse Securities (Europe) Limited,2021,Investment bank,"The FCA fined Credit Suisse for financial crime due diligence failings relating to Mozambique financing transactions. The case concerned bribery and corruption risk, escalation and control failures.",The firm did not ensure appropriate governance and financial crime challenge for high-risk sovereign financing transactions.,Credit Suisse failed to manage and escalate bribery and corruption risks adequately before participating in transactions that generated serious losses and misconduct concerns.,FCA imposed a £147.19m financial penalty.,RD_AML|RD_CONDUCT_GOVERNANCE,FT_GOVERNANCE|FT_EXECUTION|FT_DESIGN,RC_INCENTIVES_CULTURE|RC_KNOWN_RISK,FM_EDD_FAILURE|FM_FAILURE_TO_ESCALATE|FM_CONTROL_NOT_IMPLEMENTED|FM_CDD_FAILURE,LS_ONBOARDING|LS_GOVERNANCE_OVERSIGHT,OS_FINANCIAL_CRIME_FACILITATED|OS_ACTUAL_FINANCIAL_LOSS,ENF_FINANCIAL_PENALTY|ENF_REMEDIATION,RC_WEAK_RISK_FRAMEWORK|RC_KNOWN_RISK|RC_INCENTIVES_CULTURE,RC_INCENTIVES_CULTURE,RC_KNOWN_RISK,RC_INCENTIVES_CULTURE|RC_KNOWN_RISK,Medium,Weak risk framework demoted from primary in favour of a more specific driver. Weak risk framework removed from revised tags due to limited explicit framework evidence. Original row had three or more root-cause tags; review for over-tagging. Primary tag selected on a narrow evidence margin; manual review recommended.
FCA065,Batch 2/FCA065 lloyds-bank-gi-st-andrews-insurance-lloyds-bank-insurance-services-halifax-gi-services-2021.pdf,FCA,"Lloyds Bank General Insurance Limited, St Andrew's Insurance plc, Lloyds Bank Insurance Services Limited and Halifax General Insurance Services Limited",2021,Insurance group,The FCA fined Lloyds insurance entities for misleading renewal communications in home insurance. The case concerned statements that renewal prices were competitive and failures in renewal reminders.,The firms' customer communication controls did not ensure renewal statements were accurate and fair.,Customers received renewal communications that risked misleading them about the competitiveness of prices and some renewal reminders were not sent properly.,FCA imposed a £90.69m financial penalty and the firms provided redress.,RD_CONDUCT_GOVERNANCE,FT_DESIGN|FT_EXECUTION|FT_GOVERNANCE,RC_KNOWN_RISK,FM_CONTROL_NOT_IMPLEMENTED|FM_RECORDKEEPING_FAILURE|FM_INCOMPLETE_DATA_CAPTURE,LS_CUSTOMER_COMMUNICATION|LS_GOVERNANCE_OVERSIGHT,OS_POTENTIAL_CONSUMER_DETRIMENT|OS_ACTUAL_FINANCIAL_LOSS,ENF_FINANCIAL_PENALTY|ENF_REMEDIATION,RC_INCENTIVES_CULTURE|RC_WEAK_RISK_FRAMEWORK|RC_KNOWN_RISK,RC_KNOWN_RISK,,RC_KNOWN_RISK,Medium,Weak risk framework demoted from primary in favour of a more specific driver. Weak risk framework removed from revised tags due to limited explicit framework evidence. Original row had three or more root-cause tags; review for over-tagging. Primary tag selected on a narrow evidence margin; manual review recommended.
FCA066,Batch 2/FCA066 crosfill-archer-claims-limited-2021.pdf,FCA,Crosfill & Archer Claims Limited,2021,Claims management company,"The FCA fined Crosfill & Archer for failures involving third-party customer data and unsolicited telemarketing. The case concerned due diligence over data provenance, customer consent and staff knowledge of dialler use.",The firm did not adequately verify third-party data sources or consent before using customer data for marketing calls.,The firm made unsolicited calls to TPS-registered numbers and failed to ensure relevant consents had been obtained by data providers.,"FCA imposed a £110,000 financial penalty.",RD_MARKETING_CONSENT|RD_DATA_PROTECTION,FT_EXECUTION|FT_GOVERNANCE,RC_THIRD_PARTY,FM_CONSENT_CAPTURE_FAILURE|FM_UNLAWFUL_DATA_USAGE|FM_CONTROL_NOT_IMPLEMENTED,LS_DATA_PROCESSING|LS_CUSTOMER_COMMUNICATION,OS_POTENTIAL_CONSUMER_DETRIMENT,ENF_FINANCIAL_PENALTY|ENF_PUBLIC_SANCTION,RC_THIRD_PARTY|RC_WEAK_RISK_FRAMEWORK|RC_POOR_DOCUMENTATION,RC_THIRD_PARTY,,RC_THIRD_PARTY,High,Weak risk framework demoted from primary in favour of a more specific driver. Weak risk framework removed from revised tags due to limited explicit framework evidence. Original row had three or more root-cause tags; review for over-tagging.
FCA067,Batch 2/FCA067 sapien-capital-limited-2021.pdf,FCA,Sapien Capital Limited,2021,Brokerage firm,The FCA fined Sapien Capital for financial crime systems and controls failings linked to Solo Group trading. The case concerned suspicious OTC equity and dividend arbitrage activity.,The firm failed to maintain AML controls proportionate to the Solo Group business.,"Sapien did not conduct adequate CDD, EDD, transaction monitoring or escalation of red flags in high-risk trading.","FCA imposed a £178,000 financial penalty.",RD_AML|RD_MARKET_ABUSE,FT_DESIGN|FT_EXECUTION|FT_GOVERNANCE,RC_KNOWN_RISK|RC_WEAK_RISK_FRAMEWORK,FM_CDD_FAILURE|FM_EDD_FAILURE|FM_TRANSACTION_MONITORING_FAILURE|FM_FAILURE_TO_ESCALATE,LS_ONBOARDING|LS_MONITORING,OS_FINANCIAL_CRIME_FACILITATED|OS_MARKET_INTEGRITY_IMPACT,ENF_FINANCIAL_PENALTY,RC_WEAK_RISK_FRAMEWORK|RC_KNOWN_RISK|RC_INCENTIVES_CULTURE,RC_KNOWN_RISK,RC_WEAK_RISK_FRAMEWORK,RC_KNOWN_RISK|RC_WEAK_RISK_FRAMEWORK,Medium,Weak risk framework demoted from primary in favour of a more specific driver. Original row had three or more root-cause tags; review for over-tagging. Primary tag selected on a narrow evidence margin; manual review recommended.
FCA068,Batch 2/FCA068 charles-schwab-uk-limited-2020.pdf,FCA,Charles Schwab UK Limited,2020,Investment services firm,"The FCA fined Charles Schwab UK for client asset and permission-related failings. The case concerned custody arrangements, CASS records, reconciliations, resolution pack and oversight of outsourced arrangements.",The firm did not maintain adequate client asset controls and relied on arrangements without ensuring permissions and records were correct.,"Client assets were safeguarded or administered without proper permissions and CASS records, reconciliations and oversight were inadequate.",FCA imposed an £8.96m financial penalty.,RD_CONDUCT_GOVERNANCE|RD_REG_REPORTING,FT_DESIGN|FT_EXECUTION|FT_GOVERNANCE,RC_POOR_DOCUMENTATION|RC_THIRD_PARTY,FM_RECORDKEEPING_FAILURE|FM_CONTROL_NOT_IMPLEMENTED|FM_UNAUTHORISED_ACTIVITY,LS_MONITORING|LS_REPORTING,OS_POTENTIAL_CONSUMER_DETRIMENT,ENF_FINANCIAL_PENALTY|ENF_REMEDIATION,RC_THIRD_PARTY|RC_WEAK_RISK_FRAMEWORK|RC_POOR_DOCUMENTATION,RC_POOR_DOCUMENTATION,RC_THIRD_PARTY,RC_POOR_DOCUMENTATION|RC_THIRD_PARTY,High,Weak risk framework demoted from primary in favour of a more specific driver. Weak risk framework removed from revised tags due to limited explicit framework evidence. Original row had three or more root-cause tags; review for over-tagging.
FCA069,Batch 2/FCA069 barclays-2020.pdf,FCA,"Barclays Bank UK PLC, Barclays Bank PLC and Clydesdale Financial Services Limited",2020,Banking group,"The FCA fined Barclays entities for poor treatment of consumer credit customers in arrears or financial difficulty. The case concerned forbearance, affordability and collections practices.",The firms' arrears handling framework did not consistently deliver fair customer outcomes.,Customers in financial difficulty were not always offered appropriate support and redress was required for a large affected population.,FCA imposed a £26.06m financial penalty and the firms paid redress.,RD_CONDUCT_GOVERNANCE,FT_EXECUTION|FT_GOVERNANCE|FT_DESIGN,RC_INCENTIVES_CULTURE,FM_CONTROL_NOT_IMPLEMENTED|FM_RECORDKEEPING_FAILURE|FM_INCOMPLETE_DATA_CAPTURE,LS_CUSTOMER_COMMUNICATION|LS_MONITORING,OS_ACTUAL_FINANCIAL_LOSS|OS_POTENTIAL_CONSUMER_DETRIMENT,ENF_FINANCIAL_PENALTY|ENF_REMEDIATION,RC_WEAK_RISK_FRAMEWORK|RC_MANUAL_PROCESS|RC_INCENTIVES_CULTURE,RC_INCENTIVES_CULTURE,,RC_INCENTIVES_CULTURE,Medium,Weak risk framework demoted from primary in favour of a more specific driver. Weak risk framework removed from revised tags due to limited explicit framework evidence. Original row had three or more root-cause tags; review for over-tagging. Primary tag selected on a narrow evidence margin; manual review recommended.
FCA070,Batch 2/FCA070 lj-financial-planning-ltd-2020.pdf,FCA,LJ Financial Planning Ltd,2020,Financial adviser,"The FCA fined LJ Financial Planning for unsuitable pension transfer and SIPP advice. The case concerned introducer-led business, high-risk investments and inadequate assessment of suitability.",The firm's advice and oversight controls did not manage conflicts and risks in pension transfer business.,Customers were advised to transfer pensions into high-risk or unsuitable arrangements without proper suitability assessment and documentation.,"FCA imposed a £107,200 financial penalty.",RD_CONDUCT_GOVERNANCE,FT_EXECUTION|FT_GOVERNANCE|FT_DESIGN,RC_THIRD_PARTY,FM_CONTROL_NOT_IMPLEMENTED|FM_INCOMPLETE_DATA_CAPTURE|FM_RECORDKEEPING_FAILURE,LS_CUSTOMER_COMMUNICATION|LS_GOVERNANCE_OVERSIGHT,OS_ACTUAL_FINANCIAL_LOSS,ENF_FINANCIAL_PENALTY|ENF_PUBLIC_SANCTION,RC_WEAK_RISK_FRAMEWORK|RC_INCENTIVES_CULTURE|RC_THIRD_PARTY,RC_THIRD_PARTY,,RC_THIRD_PARTY,High,Weak risk framework demoted from primary in favour of a more specific driver. Weak risk framework removed from revised tags due to limited explicit framework evidence. Original row had three or more root-cause tags; review for over-tagging.
FCA071,Batch 2/FCA071 tfs-icap-2020.pdf,FCA,TFS-ICAP Limited,2020,Brokerage firm,The FCA fined TFS-ICAP for misleading broking practices in FX options. Brokers communicated false trades or misleading trading activity to encourage clients to trade.,"The firm's culture, supervision and controls did not prevent or detect misleading market communications.",Brokers engaged in printing and other misleading practices that gave clients a false impression of market activity.,FCA imposed a £3.44m financial penalty.,RD_MARKET_ABUSE,FT_INTEGRITY|FT_EXECUTION|FT_GOVERNANCE,RC_INCENTIVES_CULTURE,FM_DATA_INACCURACY|FM_RECORDKEEPING_FAILURE|FM_CONTROL_NOT_IMPLEMENTED,LS_CUSTOMER_COMMUNICATION|LS_MONITORING,OS_MARKET_INTEGRITY_IMPACT,ENF_FINANCIAL_PENALTY|ENF_PUBLIC_SANCTION,RC_INCENTIVES_CULTURE|RC_WEAK_RISK_FRAMEWORK|RC_KNOWN_RISK,RC_INCENTIVES_CULTURE,,RC_INCENTIVES_CULTURE,High,Weak risk framework demoted from primary in favour of a more specific driver. Weak risk framework removed from revised tags due to limited explicit framework evidence. Original row had three or more root-cause tags; review for over-tagging.
FCA072,Batch 2/FCA072 gsi-2020.pdf,FCA,Goldman Sachs International,2020,Investment bank,"The FCA fined Goldman Sachs International for failings linked to 1MDB bond transactions. The case concerned financial crime risk, transaction governance and escalation of bribery concerns.",The firm did not apply sufficient challenge and escalation to high-risk transactions that generated significant revenue.,Goldman failed to manage and escalate bribery and corruption risks adequately in transactions involving 1MDB.,FCA imposed a £48.31m financial penalty.,RD_AML|RD_CONDUCT_GOVERNANCE,FT_GOVERNANCE|FT_EXECUTION,RC_KNOWN_RISK,FM_EDD_FAILURE|FM_FAILURE_TO_ESCALATE|FM_CONTROL_NOT_IMPLEMENTED|FM_RECORDKEEPING_FAILURE,LS_ONBOARDING|LS_GOVERNANCE_OVERSIGHT,OS_FINANCIAL_CRIME_FACILITATED|OS_ACTUAL_FINANCIAL_LOSS,ENF_FINANCIAL_PENALTY|ENF_REMEDIATION,RC_KNOWN_RISK|RC_INCENTIVES_CULTURE|RC_WEAK_RISK_FRAMEWORK,RC_KNOWN_RISK,,RC_KNOWN_RISK,High,Weak risk framework demoted from primary in favour of a more specific driver. Weak risk framework removed from revised tags due to limited explicit framework evidence. Original row had three or more root-cause tags; review for over-tagging.
FCA073,Batch 2/FCA073 commerzbank-ag-2020.pdf,FCA,"Commerzbank AG, London Branch",2020,Bank branch,"The FCA fined Commerzbank for AML control failures. The case concerned KYC refresh backlogs, beneficial ownership checks, PEP risk, intermediaries and under-resourced compliance functions.",The bank's AML remediation and resourcing did not keep pace with known deficiencies.,"Commerzbank failed to complete timely KYC refresh, verify beneficial ownership and manage higher-risk customers effectively.",FCA imposed a £37.81m financial penalty.,RD_AML,FT_DESIGN|FT_EXECUTION|FT_GOVERNANCE,RC_KNOWN_RISK,FM_CDD_FAILURE|FM_EDD_FAILURE|FM_CUSTOMER_RISK_ASSESSMENT_FAILURE|FM_TRANSACTION_MONITORING_FAILURE,LS_ONBOARDING|LS_MONITORING,OS_FINANCIAL_CRIME_FACILITATED,ENF_FINANCIAL_PENALTY|ENF_REMEDIATION,RC_WEAK_RISK_FRAMEWORK|RC_KNOWN_RISK|RC_CHANGE_MANAGEMENT,RC_KNOWN_RISK,,RC_KNOWN_RISK,High,Weak risk framework demoted from primary in favour of a more specific driver. Weak risk framework removed from revised tags due to limited explicit framework evidence. Original row had three or more root-cause tags; review for over-tagging.
FCA074,Batch 2/FCA074 lloyds-bank-plc-bank-of-scotland-plc-the-mortgage-business-plc-2020.pdf,FCA,"Lloyds Bank PLC, Bank of Scotland plc and The Mortgage Business plc",2020,Banking group,"The FCA fined Lloyds group entities for unfair treatment of mortgage customers in payment difficulties. The case concerned arrears handling, forbearance, vulnerable customers and quality assurance.",The firms' mortgage arrears framework did not consistently support customers fairly.,"Customers in payment difficulty did not always receive appropriate forbearance or communications, leading to consumer harm and redress.",FCA imposed a £64.05m financial penalty and the firms paid redress.,RD_CONDUCT_GOVERNANCE,FT_EXECUTION|FT_GOVERNANCE|FT_DESIGN,RC_INCENTIVES_CULTURE,FM_CONTROL_NOT_IMPLEMENTED|FM_RECORDKEEPING_FAILURE|FM_INCOMPLETE_DATA_CAPTURE,LS_CUSTOMER_COMMUNICATION|LS_MONITORING,OS_ACTUAL_FINANCIAL_LOSS|OS_POTENTIAL_CONSUMER_DETRIMENT,ENF_FINANCIAL_PENALTY|ENF_REMEDIATION,RC_WEAK_RISK_FRAMEWORK|RC_MANUAL_PROCESS|RC_INCENTIVES_CULTURE,RC_INCENTIVES_CULTURE,,RC_INCENTIVES_CULTURE,Medium,Weak risk framework demoted from primary in favour of a more specific driver. Weak risk framework removed from revised tags due to limited explicit framework evidence. Original row had three or more root-cause tags; review for over-tagging. Primary tag selected on a narrow evidence margin; manual review recommended.
FCA075,Batch 2/FCA075 moneybarn-limited-2020.pdf,FCA,Moneybarn Limited,2020,Motor finance provider,"The FCA fined Moneybarn for poor treatment of customers in financial difficulty. The case concerned forbearance, termination, arrears handling and customer communications.",The firm's collections and arrears processes were not designed or operated to secure fair outcomes for vulnerable or financially distressed customers.,Customers were not consistently offered suitable forbearance and were exposed to unfair termination or communication practices.,FCA imposed a £2.77m financial penalty and the firm paid redress.,RD_CONDUCT_GOVERNANCE,FT_EXECUTION|FT_GOVERNANCE|FT_DESIGN,RC_INCENTIVES_CULTURE,FM_CONTROL_NOT_IMPLEMENTED|FM_RECORDKEEPING_FAILURE|FM_INCOMPLETE_DATA_CAPTURE,LS_CUSTOMER_COMMUNICATION|LS_MONITORING,OS_ACTUAL_FINANCIAL_LOSS|OS_POTENTIAL_CONSUMER_DETRIMENT,ENF_FINANCIAL_PENALTY|ENF_REMEDIATION,RC_WEAK_RISK_FRAMEWORK|RC_MANUAL_PROCESS|RC_INCENTIVES_CULTURE,RC_INCENTIVES_CULTURE,,RC_INCENTIVES_CULTURE,Medium,Weak risk framework demoted from primary in favour of a more specific driver. Weak risk framework removed from revised tags due to limited explicit framework evidence. Original row had three or more root-cause tags; review for over-tagging. Primary tag selected on a narrow evidence margin; manual review recommended.
PR012,Batch 2/PR012 final-notice-from-pra-to-standard-chartered-bank.pdf,PRA,Standard Chartered Bank,2021,Bank,"The PRA fined Standard Chartered Bank for liquidity reporting and governance failings. The case concerned USD liquidity reporting, control weaknesses and communications with the PRA.","The bank's prudential reporting controls and governance did not ensure accurate, transparent liquidity information.",Standard Chartered submitted inaccurate liquidity information and failed to give the PRA a clear and complete picture of its position.,PRA imposed a £46.55m financial penalty.,RD_PRUDENTIAL|RD_REG_REPORTING,FT_GOVERNANCE|FT_EXECUTION|FT_INTEGRITY,RC_DATA_QUALITY,FM_REPORTING_MISCONFIGURATION|FM_DATA_INACCURACY|FM_MISLEADING_REGULATOR|FM_CONTROL_NOT_IMPLEMENTED,LS_REPORTING|LS_GOVERNANCE_OVERSIGHT,OS_MARKET_INTEGRITY_IMPACT|OS_NO_REALISED_HARM,ENF_FINANCIAL_PENALTY|ENF_PUBLIC_SANCTION,RC_DATA_QUALITY|RC_WEAK_RISK_FRAMEWORK|RC_POOR_DOCUMENTATION,RC_DATA_QUALITY,,RC_DATA_QUALITY,High,Weak risk framework demoted from primary in favour of a more specific driver. Weak risk framework removed from revised tags due to limited explicit framework evidence. Original row had three or more root-cause tags; review for over-tagging.
PRA001,Batch 2/PRA001 final-notice-u-k-Insurance-limited.pdf,PRA,U K Insurance Limited,2026,Insurer,"The PRA fined U K Insurance for prudential reporting, financial control and governance failings. The case concerned inaccurate or late regulatory reporting and weaknesses in finance and actuarial capability.",The insurer's reporting and control framework did not provide reliable prudential information to the PRA.,U K Insurance submitted inaccurate regulatory information and failed to maintain sufficiently robust financial control and oversight arrangements.,PRA imposed a £10.63m financial penalty.,RD_PRUDENTIAL|RD_REG_REPORTING,FT_GOVERNANCE|FT_EXECUTION|FT_DESIGN,RC_DATA_QUALITY|RC_WEAK_RISK_FRAMEWORK,FM_REPORTING_MISCONFIGURATION|FM_DATA_INACCURACY|FM_CONTROL_NOT_IMPLEMENTED,LS_REPORTING|LS_GOVERNANCE_OVERSIGHT,OS_NO_REALISED_HARM,ENF_FINANCIAL_PENALTY|ENF_REMEDIATION,RC_DATA_QUALITY|RC_WEAK_RISK_FRAMEWORK|RC_CHANGE_MANAGEMENT,RC_DATA_QUALITY,RC_WEAK_RISK_FRAMEWORK,RC_DATA_QUALITY|RC_WEAK_RISK_FRAMEWORK,High,Weak risk framework demoted from primary in favour of a more specific driver. Original row had three or more root-cause tags; review for over-tagging.
PRA002,Batch 2/PRA002 final-notice-bol-and-oplyse-holdings-limited.PDF,PRA,The Bank of London Group Limited and Oplyse Holdings Limited,2026,Banking group and holding company,"The PRA fined The Bank of London Group and Oplyse Holdings for capital, large exposure, reporting and governance failings. The notice included findings that the firms provided misleading information about capital positions.","Governance, capital management and reporting controls were inadequate, with concentrated senior control over key regulatory communications.","The firms misrepresented capital resources, submitted inaccurate information and failed to comply with prudential expectations around capital and exposures.",PRA imposed a £2m financial penalty.,RD_PRUDENTIAL|RD_REG_REPORTING,FT_INTEGRITY|FT_GOVERNANCE|FT_EXECUTION,RC_DATA_QUALITY|RC_CONCENTRATED_CONTROL,FM_MISLEADING_REGULATOR|FM_REPORTING_MISCONFIGURATION|FM_DATA_INACCURACY|FM_CONTROL_NOT_IMPLEMENTED,LS_REPORTING|LS_GOVERNANCE_OVERSIGHT,OS_MARKET_INTEGRITY_IMPACT,ENF_FINANCIAL_PENALTY|ENF_REMEDIATION,RC_CONCENTRATED_CONTROL|RC_DATA_QUALITY|RC_WEAK_RISK_FRAMEWORK,RC_DATA_QUALITY,RC_CONCENTRATED_CONTROL,RC_DATA_QUALITY|RC_CONCENTRATED_CONTROL,Medium,Weak risk framework demoted from primary in favour of a more specific driver. Weak risk framework removed from revised tags due to limited explicit framework evidence. Original row had three or more root-cause tags; review for over-tagging. Primary tag selected on a narrow evidence margin; manual review recommended.
PRA003,Batch 2/PRA003 final-notice-from-boe-and-pra-to-barents-reinsurance.PDF,PRA,Barents Reinsurance S.A. London Branch,2025,Reinsurance branch,"The PRA fined Barents Reinsurance for failures in branch governance and regulatory reporting after Brexit-related changes. The case concerned incomplete reporting, weak internal control and lack of implementation of audit recommendations.",The branch did not adapt its governance and reporting framework adequately following regulatory change.,"Barents failed to submit required reports and maintain effective systems, controls and oversight for its UK branch.",PRA imposed a £2.55m financial penalty.,RD_PRUDENTIAL|RD_REG_REPORTING,FT_GOVERNANCE|FT_EXECUTION|FT_DESIGN,RC_CHANGE_MANAGEMENT|RC_REG_UNDERSTANDING,FM_REPORTING_MISCONFIGURATION|FM_CONTROL_NOT_IMPLEMENTED|FM_FAILURE_TO_ESCALATE,LS_REPORTING|LS_GOVERNANCE_OVERSIGHT,OS_NO_REALISED_HARM,ENF_FINANCIAL_PENALTY|ENF_REMEDIATION,RC_CHANGE_MANAGEMENT|RC_REG_UNDERSTANDING|RC_WEAK_RISK_FRAMEWORK,RC_CHANGE_MANAGEMENT,RC_REG_UNDERSTANDING,RC_CHANGE_MANAGEMENT|RC_REG_UNDERSTANDING,High,Weak risk framework demoted from primary in favour of a more specific driver. Weak risk framework removed from revised tags due to limited explicit framework evidence. Original row had three or more root-cause tags; review for over-tagging.
PRA004,Batch 2/PRA004 final-notice-from-boe-and-pra-to-vocalink.pdf,PRA,Vocalink Limited,2025,Payment infrastructure provider,"The Bank of England and PRA fined Vocalink for failings in a remediation programme required by a regulatory direction. The case concerned inaccurate assurance, governance and escalation to the regulator.",The firm's remediation governance and assurance processes did not provide reliable information to the Bank.,Vocalink provided misleading or incomplete updates and failed to escalate known risks and assurance findings effectively.,Bank of England and PRA imposed an £11.9m financial penalty.,RD_PRUDENTIAL|RD_CONDUCT_GOVERNANCE,FT_GOVERNANCE|FT_EXECUTION|FT_INTEGRITY,RC_KNOWN_RISK,FM_MISLEADING_REGULATOR|FM_FAILURE_TO_ESCALATE|FM_CONTROL_NOT_IMPLEMENTED,LS_GOVERNANCE_OVERSIGHT|LS_REPORTING,OS_NO_REALISED_HARM|OS_MARKET_INTEGRITY_IMPACT,ENF_FINANCIAL_PENALTY|ENF_REMEDIATION,RC_WEAK_RISK_FRAMEWORK|RC_KNOWN_RISK|RC_POOR_DOCUMENTATION,RC_KNOWN_RISK,,RC_KNOWN_RISK,High,Weak risk framework demoted from primary in favour of a more specific driver. Weak risk framework removed from revised tags due to limited explicit framework evidence. Original row had three or more root-cause tags; review for over-tagging.
PRA005,Batch 2/PRA005 final-notice-from-boe-and-pra-to-citigroup-global-markets-limited.pdf,PRA,Citigroup Global Markets Limited,2024,Investment bank,The PRA fined Citigroup Global Markets for trading controls and governance failings linked to the May 2022 erroneous basket order incident. The case overlapped with FCA market integrity findings.,The firm's algorithmic and manual trading control framework did not adequately limit operational and prudential risk.,"A manual input error generated very large erroneous orders because pre-trade controls, kill switches and oversight were insufficient.",PRA imposed a £33.88m financial penalty.,RD_PRUDENTIAL|RD_MARKET_ABUSE,FT_DESIGN|FT_EXECUTION|FT_GOVERNANCE,RC_MANUAL_PROCESS|RC_WEAK_RISK_FRAMEWORK,FM_CONTROL_NOT_IMPLEMENTED|FM_SURVEILLANCE_FAILURE|FM_DATA_INACCURACY,LS_MONITORING|LS_DATA_PROCESSING,OS_MARKET_INTEGRITY_IMPACT,ENF_FINANCIAL_PENALTY|ENF_REMEDIATION,RC_MANUAL_PROCESS|RC_WEAK_RISK_FRAMEWORK|RC_KNOWN_RISK,RC_MANUAL_PROCESS,RC_WEAK_RISK_FRAMEWORK,RC_MANUAL_PROCESS|RC_WEAK_RISK_FRAMEWORK,Medium,Weak risk framework demoted from primary in favour of a more specific driver. Original row had three or more root-cause tags; review for over-tagging. Primary tag selected on a narrow evidence margin; manual review recommended.
PRA006,Batch 2/PRA006 final-notice-from-pra-to-hsbc.PDF,PRA,HSBC Bank plc and HSBC UK Bank plc,2024,Banking group,"The PRA fined HSBC entities for depositor protection rule breaches. The case concerned single customer view data, FSCS eligibility, beneficiary marking and failure to notify the PRA promptly.","The firms' data, systems and governance controls did not ensure accurate depositor protection reporting.",HSBC failed to maintain accurate depositor data and did not identify or notify issues in a timely way.,PRA imposed a £57.42m financial penalty.,RD_PRUDENTIAL|RD_REG_REPORTING,FT_DESIGN|FT_EXECUTION|FT_GOVERNANCE,RC_SYSTEM_INTEGRATION|RC_DATA_QUALITY,FM_DATA_INACCURACY|FM_REPORTING_MISCONFIGURATION|FM_FAILURE_TO_ESCALATE|FM_CONTROL_NOT_IMPLEMENTED,LS_REPORTING|LS_DATA_PROCESSING,OS_POTENTIAL_CONSUMER_DETRIMENT|OS_NO_REALISED_HARM,ENF_FINANCIAL_PENALTY|ENF_REMEDIATION,RC_DATA_QUALITY|RC_SYSTEM_INTEGRATION|RC_WEAK_RISK_FRAMEWORK,RC_SYSTEM_INTEGRATION,RC_DATA_QUALITY,RC_SYSTEM_INTEGRATION|RC_DATA_QUALITY,High,Weak risk framework demoted from primary in favour of a more specific driver. Weak risk framework removed from revised tags due to limited explicit framework evidence. Original row had three or more root-cause tags; review for over-tagging.
PRA007,Batch 2/PRA007 final-notice-from-pra-to-credit-suisse.pdf,PRA,"Credit Suisse International, Credit Suisse Securities (Europe) Limited and Credit Suisse AG London Branch",2023,Investment bank,"The PRA fined Credit Suisse for risk management and governance failures relating to Archegos. The case concerned counterparty credit risk, margining, limits and escalation.","The firms' risk appetite, governance and escalation controls did not constrain a high-risk client relationship.","Credit Suisse failed to respond to breached limits and risk indicators, contributing to very large losses after Archegos defaulted.",PRA imposed an £87.08m financial penalty.,RD_PRUDENTIAL,FT_GOVERNANCE|FT_EXECUTION|FT_DESIGN,RC_KNOWN_RISK|RC_WEAK_RISK_FRAMEWORK,FM_CONTROL_NOT_IMPLEMENTED|FM_FAILURE_TO_ESCALATE|FM_DATA_INACCURACY,LS_MONITORING|LS_GOVERNANCE_OVERSIGHT,OS_ACTUAL_FINANCIAL_LOSS|OS_MARKET_INTEGRITY_IMPACT,ENF_FINANCIAL_PENALTY|ENF_REMEDIATION,RC_INCENTIVES_CULTURE|RC_KNOWN_RISK|RC_WEAK_RISK_FRAMEWORK,RC_KNOWN_RISK,RC_WEAK_RISK_FRAMEWORK,RC_KNOWN_RISK|RC_WEAK_RISK_FRAMEWORK,High,Weak risk framework demoted from primary in favour of a more specific driver. Original row had three or more root-cause tags; review for over-tagging.
PRA008,Batch 2/PRA008 final-notice-from-pra-to-wyelands-bank-plc.PDF,PRA,Wyelands Bank Plc,2023,Bank,"The PRA fined Wyelands Bank for prudential, reporting and governance failings linked to exposures to connected parties and the GFG Alliance. The case concerned large exposures, capital treatment, due diligence and reporting.",The bank's governance failed to manage concentration risk and connected exposure risk effectively.,"Wyelands submitted inaccurate prudential information, failed to assess exposures properly and did not maintain adequate controls over capital and lending risks.",PRA imposed an £8.52m financial penalty.,RD_PRUDENTIAL|RD_REG_REPORTING,FT_GOVERNANCE|FT_EXECUTION|FT_DESIGN,RC_DATA_QUALITY,FM_REPORTING_MISCONFIGURATION|FM_DATA_INACCURACY|FM_CDD_FAILURE|FM_CONTROL_NOT_IMPLEMENTED,LS_REPORTING|LS_GOVERNANCE_OVERSIGHT,OS_MARKET_INTEGRITY_IMPACT,ENF_FINANCIAL_PENALTY|ENF_REMEDIATION,RC_CONCENTRATED_CONTROL|RC_DATA_QUALITY|RC_WEAK_RISK_FRAMEWORK,RC_DATA_QUALITY,,RC_DATA_QUALITY,High,Weak risk framework demoted from primary in favour of a more specific driver. Weak risk framework removed from revised tags due to limited explicit framework evidence. Original row had three or more root-cause tags; review for over-tagging.
PRA009,Batch 2/PRA009 final-notice-from-pra-to-tsb-bank.pdf,PRA,TSB Bank plc,2022,Bank,"The PRA fined TSB for operational risk management and outsourcing governance failings relating to the 2018 IT migration. The case concerned readiness, oversight and resilience of critical services.",The bank's migration and outsourcing governance failed to ensure operational resilience before a major systems change.,"TSB migrated to a new IT platform without adequate assurance, leading to widespread disruption and customer harm.",PRA imposed a £27m financial penalty.,RD_PRUDENTIAL|RD_CONDUCT_GOVERNANCE,FT_DESIGN|FT_GOVERNANCE|FT_EXECUTION,RC_THIRD_PARTY|RC_CHANGE_MANAGEMENT,FM_CONTROL_NOT_IMPLEMENTED|FM_DATA_PROCESSING_ERROR|FM_FAILURE_TO_ESCALATE,LS_DATA_PROCESSING|LS_GOVERNANCE_OVERSIGHT,OS_ACTUAL_FINANCIAL_LOSS|OS_POTENTIAL_CONSUMER_DETRIMENT,ENF_FINANCIAL_PENALTY|ENF_REMEDIATION,RC_CHANGE_MANAGEMENT|RC_THIRD_PARTY|RC_WEAK_RISK_FRAMEWORK,RC_THIRD_PARTY,RC_CHANGE_MANAGEMENT,RC_THIRD_PARTY|RC_CHANGE_MANAGEMENT,Medium,Weak risk framework demoted from primary in favour of a more specific driver. Weak risk framework removed from revised tags due to limited explicit framework evidence. Original row had three or more root-cause tags; review for over-tagging. Primary tag selected on a narrow evidence margin; manual review recommended.
PRA010,Batch 2/PRA010 final-notice-from-pra-to-ms-amlin-underwriting-limited.pdf,PRA,MS Amlin Underwriting Limited,2022,Insurer,"The PRA fined MS Amlin Underwriting for governance, oversight and underwriting control failures. The case concerned growth, risk management, reserving and capital deterioration.",The insurer pursued growth without adequate governance and risk management controls.,"Weak underwriting oversight, reserving controls and risk escalation contributed to substantial losses and deterioration in capital position.",PRA imposed a £9.70m financial penalty.,RD_PRUDENTIAL,FT_STRATEGIC|FT_GOVERNANCE|FT_DESIGN,RC_KNOWN_RISK,FM_CONTROL_NOT_IMPLEMENTED|FM_DATA_INACCURACY|FM_FAILURE_TO_ESCALATE,LS_MONITORING|LS_GOVERNANCE_OVERSIGHT,OS_ACTUAL_FINANCIAL_LOSS|OS_MARKET_INTEGRITY_IMPACT,ENF_FINANCIAL_PENALTY|ENF_REMEDIATION,RC_CHANGE_MANAGEMENT|RC_WEAK_RISK_FRAMEWORK|RC_KNOWN_RISK,RC_KNOWN_RISK,,RC_KNOWN_RISK,High,Weak risk framework demoted from primary in favour of a more specific driver. Weak risk framework removed from revised tags due to limited explicit framework evidence. Original row had three or more root-cause tags; review for over-tagging.
PRA011,Batch 2/PRA011 final-notice-from-pra-to-metro-bank.pdf,PRA,Metro Bank plc,2021,Bank,The PRA fined Metro Bank for inaccurate prudential reporting of risk weighted assets. The case concerned incorrect risk weights for commercial loans and COREP reporting weaknesses.,The bank's prudential reporting controls did not ensure accurate capital and RWA data.,Metro Bank misclassified loans for RWA purposes and submitted inaccurate regulatory returns.,PRA imposed a £5.38m financial penalty.,RD_PRUDENTIAL|RD_REG_REPORTING,FT_GOVERNANCE|FT_EXECUTION,RC_DATA_QUALITY,FM_DATA_INACCURACY|FM_REPORTING_MISCONFIGURATION|FM_INCOMPLETE_DATA_CAPTURE,LS_REPORTING|LS_GOVERNANCE_OVERSIGHT,OS_MARKET_INTEGRITY_IMPACT,ENF_FINANCIAL_PENALTY|ENF_REMEDIATION,RC_DATA_QUALITY|RC_WEAK_RISK_FRAMEWORK|RC_KNOWN_RISK,RC_DATA_QUALITY,,RC_DATA_QUALITY,High,Weak risk framework demoted from primary in favour of a more specific driver. Weak risk framework removed from revised tags due to limited explicit framework evidence. Original row had three or more root-cause tags; review for over-tagging.
PRA013,Batch 2/PRA013 final-notice-to-goldman-sachs-international.pdf,PRA,Goldman Sachs International,2020,Investment bank,"The PRA fined Goldman Sachs International for prudential governance failures linked to 1MDB bond transactions. The case concerned risk management, financial crime controls and senior oversight of high-risk transactions.",The firm did not ensure adequate governance and control over transactions that carried material financial crime and reputational risk.,"Goldman failed to escalate and manage bribery and corruption risks adequately, exposing the firm to safety and soundness risks.",PRA imposed a £48.31m financial penalty.,RD_PRUDENTIAL|RD_AML,FT_GOVERNANCE|FT_EXECUTION|FT_DESIGN,RC_KNOWN_RISK,FM_EDD_FAILURE|FM_FAILURE_TO_ESCALATE|FM_RECORDKEEPING_FAILURE|FM_CONTROL_NOT_IMPLEMENTED,LS_ONBOARDING|LS_GOVERNANCE_OVERSIGHT,OS_FINANCIAL_CRIME_FACILITATED|OS_ACTUAL_FINANCIAL_LOSS,ENF_FINANCIAL_PENALTY|ENF_REMEDIATION,RC_KNOWN_RISK|RC_INCENTIVES_CULTURE|RC_WEAK_RISK_FRAMEWORK,RC_KNOWN_RISK,,RC_KNOWN_RISK,High,Weak risk framework demoted from primary in favour of a more specific driver. Weak risk framework removed from revised tags due to limited explicit framework evidence. Original row had three or more root-cause tags; review for over-tagging.
